<?xml version="1.0" encoding="UTF-8"?>
<kml xmlns="http://www.opengis.net/kml/2.2" xmlns:gx="http://www.google.com/kml/ext/2.2" xmlns:kml="http://www.opengis.net/kml/2.2" xmlns:atom="http://www.w3.org/2005/Atom">
<Document>
	<name>aspireality maps.kmz</name>
	<StyleMap id="msn_ylw-pushpin">
		<Pair>
			<key>normal</key>
			<styleUrl>#sn_ylw-pushpin</styleUrl>
		</Pair>
		<Pair>
			<key>highlight</key>
			<styleUrl>#sh_ylw-pushpin</styleUrl>
		</Pair>
	</StyleMap>
	<Style id="sh_ylw-pushpin">
		<IconStyle>
			<scale>1.3</scale>
			<Icon>
				<href>http://maps.google.com/mapfiles/kml/pushpin/ylw-pushpin.png</href>
			</Icon>
			<hotSpot x="20" y="2" xunits="pixels" yunits="pixels"/>
		</IconStyle>
		<LineStyle>
			<color>ff000000</color>
			<width>10.5</width>
		</LineStyle>
	</Style>
	<Style id="sn_noicon">
		<IconStyle>
			<Icon>
			</Icon>
		</IconStyle>
		<LabelStyle>
			<color>00ffffff</color>
		</LabelStyle>
	</Style>
	<Style id="sn_ylw-pushpin">
		<IconStyle>
			<scale>1.1</scale>
			<Icon>
				<href>http://maps.google.com/mapfiles/kml/pushpin/ylw-pushpin.png</href>
			</Icon>
			<hotSpot x="20" y="2" xunits="pixels" yunits="pixels"/>
		</IconStyle>
		<LineStyle>
			<color>ff000000</color>
			<width>10.5</width>
		</LineStyle>
	</Style>
		<Placemark>
			<name>Avatar 3</name>
			<styleUrl>#msn_ylw-pushpin</styleUrl>
			<LineString>
				<tessellate>1</tessellate>
				<coordinates>
					78.54310259108735,16.92369324160756,0 78.54321358331372,16.92416751863357,0 78.54333293535265,16.92490573652483,0 78.5434112776327,16.92570679569866,0 78.54345481521388,16.92632481718613,0 78.54350822159213,16.92704288641373,0 78.54351590778484,16.92778098490362,0 78.54348326267164,16.92782305051167,0 78.54347145978785,16.92783758403103,0 78.54345807332055,16.92785167346096,0 78.54341397712052,16.92787590819272,0 78.54333110162656,16.92790345999646,0 78.54326591716105,16.92794223393199,0 78.54321820019511,16.92797878662414,0 78.54315675745906,16.928038625319,0 78.54308834015549,16.92813786423069,0 78.54299180494333,16.9283112842471,0 78.54298176271108,16.92835498235041,0 78.54301305025801,16.92861508910104,0 78.54234345157684,16.92935467957407,0 78.54233485748678,16.92939438470845,0 78.54173885941194,16.92945686685347,0 78.54172326132723,16.9295076416155,0 78.54155560508619,16.93002423507447,0 78.54086833127923,16.93067631568297,0 78.54060292688322,16.93100030495373,0 78.54010257764047,16.93116035241242,0 
				</coordinates>
			</LineString>
		</Placemark>
		<Document id="1plkbsI71qoxgYXubq4G3VShbZbglIxfm">
			<name>Rudravatar Projects New</name>
			<open>1</open>
			<Schema name="__managed_schema" id="__managed_schema0">
				<SimpleField type="int" name="COL5A59A4382D6B0DDC">
					<displayName>Remark</displayName>
				</SimpleField>
				<SimpleField type="double" name="COL5A59A4382DCBC8C7">
					<displayName>Length</displayName>
				</SimpleField>
				<SimpleField type="string" name="COL5A59A4382D061E9B">
					<displayName>PH1</displayName>
				</SimpleField>
				<SimpleField type="double" name="COL5A59A4382DE5539C">
					<displayName>Len</displayName>
				</SimpleField>
			</Schema>
			<StyleMap id="__managed_style_00F5A6CFC93DDD5CDF290">
				<Pair>
					<key>normal</key>
					<styleUrl>#__managed_style_176E14F8143DDD5CDF29</styleUrl>
				</Pair>
				<Pair>
					<key>highlight</key>
					<styleUrl>#__managed_style_037B3F34063DDD5CDF2B</styleUrl>
				</Pair>
			</StyleMap>
			<StyleMap id="__managed_style_01807E03703DDD5CDF31">
				<Pair>
					<key>normal</key>
					<styleUrl>#failed2</styleUrl>
				</Pair>
				<Pair>
					<key>highlight</key>
					<styleUrl>#failed00</styleUrl>
				</Pair>
			</StyleMap>
			<gx:CascadingStyle kml:id="__managed_style_037B3F34063DDD5CDF2B">
				<Style>
					<IconStyle>
						<scale>1.2</scale>
						<Icon>
							<href>https://earth.google.com/earth/document/icon?color=1976d2&amp;id=2000&amp;scale=4</href>
						</Icon>
						<hotSpot x="64" y="128" xunits="pixels" yunits="insetPixels"/>
					</IconStyle>
					<LineStyle>
						<color>ff2dc0fb</color>
						<width>4.8</width>
					</LineStyle>
					<PolyStyle>
						<color>40ffffff</color>
					</PolyStyle>
				</Style>
			</gx:CascadingStyle>
			<StyleMap id="__managed_style_046134F06F3DDD5CDF442">
				<Pair>
					<key>normal</key>
					<styleUrl>#failed212</styleUrl>
				</Pair>
				<Pair>
					<key>highlight</key>
					<styleUrl>#failed302</styleUrl>
				</Pair>
			</StyleMap>
			<StyleMap id="__managed_style_062C204B493DDD5CDF2C">
				<Pair>
					<key>normal</key>
					<styleUrl>#failed40</styleUrl>
				</Pair>
				<Pair>
					<key>highlight</key>
					<styleUrl>#failed7</styleUrl>
				</Pair>
			</StyleMap>
			<StyleMap id="__managed_style_062C204B493DDD5CDF2C0">
				<Pair>
					<key>normal</key>
					<styleUrl>#failed5</styleUrl>
				</Pair>
				<Pair>
					<key>highlight</key>
					<styleUrl>#failed6</styleUrl>
				</Pair>
			</StyleMap>
			<StyleMap id="__managed_style_096FAB50E73DDD5CDF30">
				<Pair>
					<key>normal</key>
					<styleUrl>#default2</styleUrl>
				</Pair>
				<Pair>
					<key>highlight</key>
					<styleUrl>#default1</styleUrl>
				</Pair>
			</StyleMap>
			<gx:CascadingStyle kml:id="__managed_style_176E14F8143DDD5CDF29">
				<Style>
					<IconStyle>
						<Icon>
							<href>https://earth.google.com/earth/document/icon?color=1976d2&amp;id=2000&amp;scale=4</href>
						</Icon>
						<hotSpot x="64" y="128" xunits="pixels" yunits="insetPixels"/>
					</IconStyle>
					<LineStyle>
						<color>ff2dc0fb</color>
						<width>3.2</width>
					</LineStyle>
					<PolyStyle>
						<color>40ffffff</color>
					</PolyStyle>
				</Style>
			</gx:CascadingStyle>
			<StyleMap id="__managed_style_30913C01EB3DDD5CDF44">
				<Pair>
					<key>normal</key>
					<styleUrl>#failed01</styleUrl>
				</Pair>
				<Pair>
					<key>highlight</key>
					<styleUrl>#failed200</styleUrl>
				</Pair>
			</StyleMap>
			<Style id="default1">
				<IconStyle>
					<scale>1.3</scale>
					<Icon>
						<href>http://maps.google.com/mapfiles/kml/pushpin/ylw-pushpin.png</href>
					</Icon>
					<hotSpot x="20" y="2" xunits="pixels" yunits="pixels"/>
				</IconStyle>
				<BalloonStyle>
					<displayMode>hide</displayMode>
				</BalloonStyle>
				<LineStyle>
					<color>ff2dc0fb</color>
					<width>2.4</width>
				</LineStyle>
				<PolyStyle>
					<color>40ffffff</color>
				</PolyStyle>
			</Style>
			<Style id="default2">
				<IconStyle>
					<scale>1.1</scale>
					<Icon>
						<href>http://maps.google.com/mapfiles/kml/pushpin/ylw-pushpin.png</href>
					</Icon>
					<hotSpot x="20" y="2" xunits="pixels" yunits="pixels"/>
				</IconStyle>
				<BalloonStyle>
					<displayMode>hide</displayMode>
				</BalloonStyle>
				<LineStyle>
					<color>ff2dc0fb</color>
					<width>1.6</width>
				</LineStyle>
				<PolyStyle>
					<color>40ffffff</color>
				</PolyStyle>
			</Style>
			<Style id="failed00">
			</Style>
			<Style id="failed01">
				<LineStyle>
					<color>ff000000</color>
					<width>15</width>
				</LineStyle>
			</Style>
			<Style id="failed2">
			</Style>
			<Style id="failed200">
				<LineStyle>
					<color>ff000000</color>
					<width>15</width>
				</LineStyle>
			</Style>
			<Style id="failed212">
				<LineStyle>
					<color>ff000000</color>
					<width>15</width>
				</LineStyle>
			</Style>
			<Style id="failed302">
				<LineStyle>
					<color>ff000000</color>
					<width>15</width>
				</LineStyle>
			</Style>
			<Style id="failed40">
				<LineStyle>
					<color>ff00ffff</color>
					<width>10</width>
				</LineStyle>
			</Style>
			<Style id="failed5">
				<LineStyle>
					<color>ff00ffff</color>
					<width>10</width>
				</LineStyle>
			</Style>
			<Style id="failed6">
				<LineStyle>
					<color>ff00ffff</color>
					<width>10</width>
				</LineStyle>
			</Style>
			<Style id="failed7">
				<LineStyle>
					<color>ff00ffff</color>
					<width>10</width>
				</LineStyle>
			</Style>
			<StyleMap id="msn_icon?color=1976d2&amp;id=2000&amp;scale=4">
				<Pair>
					<key>normal</key>
					<styleUrl>#sn_icon?color=1976d2&amp;id=2000&amp;scale=4</styleUrl>
				</Pair>
				<Pair>
					<key>highlight</key>
					<styleUrl>#sh_icon?color=1976d2&amp;id=2000&amp;scale=40</styleUrl>
				</Pair>
			</StyleMap>
			<StyleMap id="msn_ylw-pushpin100">
				<Pair>
					<key>normal</key>
					<styleUrl>#sn_ylw-pushpin0001</styleUrl>
				</Pair>
				<Pair>
					<key>highlight</key>
					<styleUrl>#sh_ylw-pushpin13</styleUrl>
				</Pair>
			</StyleMap>
			<StyleMap id="msn_ylw-pushpin101">
				<Pair>
					<key>normal</key>
					<styleUrl>#sn_ylw-pushpin001</styleUrl>
				</Pair>
				<Pair>
					<key>highlight</key>
					<styleUrl>#sh_ylw-pushpin111</styleUrl>
				</Pair>
			</StyleMap>
			<StyleMap id="msn_ylw-pushpin13">
				<Pair>
					<key>normal</key>
					<styleUrl>#sn_ylw-pushpin12</styleUrl>
				</Pair>
				<Pair>
					<key>highlight</key>
					<styleUrl>#sh_ylw-pushpin8</styleUrl>
				</Pair>
			</StyleMap>
			<StyleMap id="msn_ylw-pushpin14">
				<Pair>
					<key>normal</key>
					<styleUrl>#sn_ylw-pushpin13</styleUrl>
				</Pair>
				<Pair>
					<key>highlight</key>
					<styleUrl>#sh_ylw-pushpin16</styleUrl>
				</Pair>
			</StyleMap>
			<StyleMap id="msn_ylw-pushpin15">
				<Pair>
					<key>normal</key>
					<styleUrl>#sn_ylw-pushpin15</styleUrl>
				</Pair>
				<Pair>
					<key>highlight</key>
					<styleUrl>#sh_ylw-pushpin18</styleUrl>
				</Pair>
			</StyleMap>
			<StyleMap id="msn_ylw-pushpin210">
				<Pair>
					<key>normal</key>
					<styleUrl>#sn_ylw-pushpin50</styleUrl>
				</Pair>
				<Pair>
					<key>highlight</key>
					<styleUrl>#sh_ylw-pushpin60</styleUrl>
				</Pair>
			</StyleMap>
			<StyleMap id="msn_ylw-pushpin22">
				<Pair>
					<key>normal</key>
					<styleUrl>#sn_ylw-pushpin102</styleUrl>
				</Pair>
				<Pair>
					<key>highlight</key>
					<styleUrl>#sh_ylw-pushpin21</styleUrl>
				</Pair>
			</StyleMap>
			<StyleMap id="msn_ylw-pushpin30">
				<Pair>
					<key>normal</key>
					<styleUrl>#sn_ylw-pushpin30</styleUrl>
				</Pair>
				<Pair>
					<key>highlight</key>
					<styleUrl>#sh_ylw-pushpin80</styleUrl>
				</Pair>
			</StyleMap>
			<StyleMap id="msn_ylw-pushpin31">
				<Pair>
					<key>normal</key>
					<styleUrl>#sn_ylw-pushpin31</styleUrl>
				</Pair>
				<Pair>
					<key>highlight</key>
					<styleUrl>#sh_ylw-pushpin120</styleUrl>
				</Pair>
			</StyleMap>
			<StyleMap id="msn_ylw-pushpin320">
				<Pair>
					<key>normal</key>
					<styleUrl>#sn_ylw-pushpin41</styleUrl>
				</Pair>
				<Pair>
					<key>highlight</key>
					<styleUrl>#sh_ylw-pushpin70</styleUrl>
				</Pair>
			</StyleMap>
			<StyleMap id="msn_ylw-pushpin7">
				<Pair>
					<key>normal</key>
					<styleUrl>#sn_ylw-pushpin14</styleUrl>
				</Pair>
				<Pair>
					<key>highlight</key>
					<styleUrl>#sh_ylw-pushpin6</styleUrl>
				</Pair>
			</StyleMap>
			<StyleMap id="msn_ylw-pushpin9">
				<Pair>
					<key>normal</key>
					<styleUrl>#sn_ylw-pushpin16</styleUrl>
				</Pair>
				<Pair>
					<key>highlight</key>
					<styleUrl>#sh_ylw-pushpin17</styleUrl>
				</Pair>
			</StyleMap>
			<Style id="sh_icon?color=1976d2&amp;id=2000&amp;scale=40">
				<IconStyle>
					<scale>1.2</scale>
					<Icon>
						<href>https://earth.google.com/earth/document/icon?color=1976d2&amp;id=2000&amp;scale=4</href>
					</Icon>
					<hotSpot x="64" y="128" xunits="pixels" yunits="insetPixels"/>
				</IconStyle>
				<LineStyle>
					<color>ff000000</color>
					<width>10</width>
				</LineStyle>
				<PolyStyle>
					<color>40ffffff</color>
				</PolyStyle>
			</Style>
			<Style id="sh_ylw-pushpin111">
				<IconStyle>
					<scale>1.3</scale>
					<Icon>
						<href>http://maps.google.com/mapfiles/kml/pushpin/ylw-pushpin.png</href>
					</Icon>
					<hotSpot x="20" y="2" xunits="pixels" yunits="pixels"/>
				</IconStyle>
				<LineStyle>
					<color>ff2dc0fb</color>
					<width>2.4</width>
				</LineStyle>
				<PolyStyle>
					<color>40ffffff</color>
				</PolyStyle>
			</Style>
			<Style id="sh_ylw-pushpin120">
				<IconStyle>
					<scale>1.3</scale>
					<Icon>
						<href>http://maps.google.com/mapfiles/kml/pushpin/ylw-pushpin.png</href>
					</Icon>
					<hotSpot x="20" y="2" xunits="pixels" yunits="pixels"/>
				</IconStyle>
				<LineStyle>
					<color>ff000000</color>
					<width>10</width>
				</LineStyle>
			</Style>
			<Style id="sh_ylw-pushpin13">
				<IconStyle>
					<scale>1.3</scale>
					<Icon>
						<href>http://maps.google.com/mapfiles/kml/pushpin/ylw-pushpin.png</href>
					</Icon>
					<hotSpot x="20" y="2" xunits="pixels" yunits="pixels"/>
				</IconStyle>
				<LineStyle>
					<color>ff2dc0fb</color>
					<width>2.4</width>
				</LineStyle>
				<PolyStyle>
					<color>40ffffff</color>
				</PolyStyle>
			</Style>
			<Style id="sh_ylw-pushpin16">
				<IconStyle>
					<scale>1.3</scale>
					<Icon>
						<href>http://maps.google.com/mapfiles/kml/pushpin/ylw-pushpin.png</href>
					</Icon>
					<hotSpot x="20" y="2" xunits="pixels" yunits="pixels"/>
				</IconStyle>
				<LineStyle>
					<color>ff000000</color>
					<width>10</width>
				</LineStyle>
			</Style>
			<Style id="sh_ylw-pushpin17">
				<IconStyle>
					<scale>1.3</scale>
					<Icon>
						<href>http://maps.google.com/mapfiles/kml/pushpin/ylw-pushpin.png</href>
					</Icon>
					<hotSpot x="20" y="2" xunits="pixels" yunits="pixels"/>
				</IconStyle>
				<LineStyle>
					<color>ff000000</color>
					<width>10</width>
				</LineStyle>
			</Style>
			<Style id="sh_ylw-pushpin18">
				<IconStyle>
					<scale>1.3</scale>
					<Icon>
						<href>http://maps.google.com/mapfiles/kml/pushpin/ylw-pushpin.png</href>
					</Icon>
					<hotSpot x="20" y="2" xunits="pixels" yunits="pixels"/>
				</IconStyle>
				<LineStyle>
					<color>ff000000</color>
					<width>10</width>
				</LineStyle>
			</Style>
			<Style id="sh_ylw-pushpin21">
				<IconStyle>
					<scale>1.3</scale>
					<Icon>
						<href>http://maps.google.com/mapfiles/kml/pushpin/ylw-pushpin.png</href>
					</Icon>
					<hotSpot x="20" y="2" xunits="pixels" yunits="pixels"/>
				</IconStyle>
			</Style>
			<Style id="sh_ylw-pushpin6">
				<IconStyle>
					<scale>1.3</scale>
					<Icon>
						<href>http://maps.google.com/mapfiles/kml/pushpin/ylw-pushpin.png</href>
					</Icon>
					<hotSpot x="20" y="2" xunits="pixels" yunits="pixels"/>
				</IconStyle>
				<LineStyle>
					<color>ff000000</color>
					<width>10</width>
				</LineStyle>
			</Style>
			<Style id="sh_ylw-pushpin60">
				<IconStyle>
					<scale>1.3</scale>
					<Icon>
						<href>http://maps.google.com/mapfiles/kml/pushpin/ylw-pushpin.png</href>
					</Icon>
					<hotSpot x="20" y="2" xunits="pixels" yunits="pixels"/>
				</IconStyle>
				<LineStyle>
					<color>ff2dc0fb</color>
					<width>2.4</width>
				</LineStyle>
				<PolyStyle>
					<color>40ffffff</color>
				</PolyStyle>
			</Style>
			<Style id="sh_ylw-pushpin70">
				<IconStyle>
					<scale>1.3</scale>
					<Icon>
						<href>http://maps.google.com/mapfiles/kml/pushpin/ylw-pushpin.png</href>
					</Icon>
					<hotSpot x="20" y="2" xunits="pixels" yunits="pixels"/>
				</IconStyle>
				<BalloonStyle>
					<displayMode>hide</displayMode>
				</BalloonStyle>
				<LineStyle>
					<color>ff2dc0fb</color>
					<width>2.4</width>
				</LineStyle>
				<PolyStyle>
					<color>40ffffff</color>
				</PolyStyle>
			</Style>
			<Style id="sh_ylw-pushpin8">
				<IconStyle>
					<scale>1.3</scale>
					<Icon>
						<href>http://maps.google.com/mapfiles/kml/pushpin/ylw-pushpin.png</href>
					</Icon>
					<hotSpot x="20" y="2" xunits="pixels" yunits="pixels"/>
				</IconStyle>
				<LineStyle>
					<color>ff000000</color>
					<width>10</width>
				</LineStyle>
			</Style>
			<Style id="sh_ylw-pushpin80">
				<IconStyle>
					<scale>1.3</scale>
					<Icon>
						<href>http://maps.google.com/mapfiles/kml/pushpin/ylw-pushpin.png</href>
					</Icon>
					<hotSpot x="20" y="2" xunits="pixels" yunits="pixels"/>
				</IconStyle>
				<LineStyle>
					<color>ff000000</color>
					<width>10</width>
				</LineStyle>
			</Style>
			<Style id="sn_icon?color=1976d2&amp;id=2000&amp;scale=4">
				<IconStyle>
					<Icon>
						<href>https://earth.google.com/earth/document/icon?color=1976d2&amp;id=2000&amp;scale=4</href>
					</Icon>
					<hotSpot x="64" y="128" xunits="pixels" yunits="insetPixels"/>
				</IconStyle>
				<LineStyle>
					<color>ff000000</color>
					<width>10</width>
				</LineStyle>
				<PolyStyle>
					<color>40ffffff</color>
				</PolyStyle>
			</Style>
			<Style id="sn_ylw-pushpin0001">
				<IconStyle>
					<scale>1.1</scale>
					<Icon>
						<href>http://maps.google.com/mapfiles/kml/pushpin/ylw-pushpin.png</href>
					</Icon>
					<hotSpot x="20" y="2" xunits="pixels" yunits="pixels"/>
				</IconStyle>
				<LineStyle>
					<color>ff2dc0fb</color>
					<width>1.6</width>
				</LineStyle>
				<PolyStyle>
					<color>40ffffff</color>
				</PolyStyle>
			</Style>
			<Style id="sn_ylw-pushpin001">
				<IconStyle>
					<scale>1.1</scale>
					<Icon>
						<href>http://maps.google.com/mapfiles/kml/pushpin/ylw-pushpin.png</href>
					</Icon>
					<hotSpot x="20" y="2" xunits="pixels" yunits="pixels"/>
				</IconStyle>
				<LineStyle>
					<color>ff2dc0fb</color>
					<width>1.6</width>
				</LineStyle>
				<PolyStyle>
					<color>40ffffff</color>
				</PolyStyle>
			</Style>
			<Style id="sn_ylw-pushpin102">
				<IconStyle>
					<scale>1.1</scale>
					<Icon>
						<href>http://maps.google.com/mapfiles/kml/pushpin/ylw-pushpin.png</href>
					</Icon>
					<hotSpot x="20" y="2" xunits="pixels" yunits="pixels"/>
				</IconStyle>
			</Style>
			<Style id="sn_ylw-pushpin12">
				<IconStyle>
					<scale>1.1</scale>
					<Icon>
						<href>http://maps.google.com/mapfiles/kml/pushpin/ylw-pushpin.png</href>
					</Icon>
					<hotSpot x="20" y="2" xunits="pixels" yunits="pixels"/>
				</IconStyle>
				<LineStyle>
					<color>ff000000</color>
					<width>10</width>
				</LineStyle>
			</Style>
			<Style id="sn_ylw-pushpin13">
				<IconStyle>
					<scale>1.1</scale>
					<Icon>
						<href>http://maps.google.com/mapfiles/kml/pushpin/ylw-pushpin.png</href>
					</Icon>
					<hotSpot x="20" y="2" xunits="pixels" yunits="pixels"/>
				</IconStyle>
				<LineStyle>
					<color>ff000000</color>
					<width>10</width>
				</LineStyle>
			</Style>
			<Style id="sn_ylw-pushpin14">
				<IconStyle>
					<scale>1.1</scale>
					<Icon>
						<href>http://maps.google.com/mapfiles/kml/pushpin/ylw-pushpin.png</href>
					</Icon>
					<hotSpot x="20" y="2" xunits="pixels" yunits="pixels"/>
				</IconStyle>
				<LineStyle>
					<color>ff000000</color>
					<width>10</width>
				</LineStyle>
			</Style>
			<Style id="sn_ylw-pushpin15">
				<IconStyle>
					<scale>1.1</scale>
					<Icon>
						<href>http://maps.google.com/mapfiles/kml/pushpin/ylw-pushpin.png</href>
					</Icon>
					<hotSpot x="20" y="2" xunits="pixels" yunits="pixels"/>
				</IconStyle>
				<LineStyle>
					<color>ff000000</color>
					<width>10</width>
				</LineStyle>
			</Style>
			<Style id="sn_ylw-pushpin16">
				<IconStyle>
					<scale>1.1</scale>
					<Icon>
						<href>http://maps.google.com/mapfiles/kml/pushpin/ylw-pushpin.png</href>
					</Icon>
					<hotSpot x="20" y="2" xunits="pixels" yunits="pixels"/>
				</IconStyle>
				<LineStyle>
					<color>ff000000</color>
					<width>10</width>
				</LineStyle>
			</Style>
			<Style id="sn_ylw-pushpin30">
				<IconStyle>
					<scale>1.1</scale>
					<Icon>
						<href>http://maps.google.com/mapfiles/kml/pushpin/ylw-pushpin.png</href>
					</Icon>
					<hotSpot x="20" y="2" xunits="pixels" yunits="pixels"/>
				</IconStyle>
				<LineStyle>
					<color>ff000000</color>
					<width>10</width>
				</LineStyle>
			</Style>
			<Style id="sn_ylw-pushpin31">
				<IconStyle>
					<scale>1.1</scale>
					<Icon>
						<href>http://maps.google.com/mapfiles/kml/pushpin/ylw-pushpin.png</href>
					</Icon>
					<hotSpot x="20" y="2" xunits="pixels" yunits="pixels"/>
				</IconStyle>
				<LineStyle>
					<color>ff000000</color>
					<width>10</width>
				</LineStyle>
			</Style>
			<Style id="sn_ylw-pushpin41">
				<IconStyle>
					<scale>1.1</scale>
					<Icon>
						<href>http://maps.google.com/mapfiles/kml/pushpin/ylw-pushpin.png</href>
					</Icon>
					<hotSpot x="20" y="2" xunits="pixels" yunits="pixels"/>
				</IconStyle>
				<BalloonStyle>
					<displayMode>hide</displayMode>
				</BalloonStyle>
				<LineStyle>
					<color>ff2dc0fb</color>
					<width>1.6</width>
				</LineStyle>
				<PolyStyle>
					<color>40ffffff</color>
				</PolyStyle>
			</Style>
			<Style id="sn_ylw-pushpin50">
				<IconStyle>
					<scale>1.1</scale>
					<Icon>
						<href>http://maps.google.com/mapfiles/kml/pushpin/ylw-pushpin.png</href>
					</Icon>
					<hotSpot x="20" y="2" xunits="pixels" yunits="pixels"/>
				</IconStyle>
				<LineStyle>
					<color>ff2dc0fb</color>
					<width>1.6</width>
				</LineStyle>
				<PolyStyle>
					<color>40ffffff</color>
				</PolyStyle>
			</Style>
			<Folder>
				<name>Srisailam Highway</name>
				<open>1</open>
				<Folder id="5A59A433E1000001">
					<name>RRR &amp; 300 ft Road</name>
					<styleUrl>#__managed_style_00F5A6CFC93DDD5CDF290</styleUrl>
					<GroundOverlay>
						<name>Future City Map</name>
						<Icon>
							<href>files/Future City Map.png</href>
							<viewBoundScale>0.75</viewBoundScale>
						</Icon>
						<LatLonBox>
							<north>17.09783869881244</north>
							<south>16.96694479961955</south>
							<east>78.67304922385426</east>
							<west>78.48855155399924</west>
							<rotation>11.39289093017578</rotation>
						</LatLonBox>
					</GroundOverlay>
					<GroundOverlay>
						<name>3d RRR &amp; ORR</name>
						<visibility>0</visibility>
						<Icon>
							<href>files/RRR - ORR  LATEST.png</href>
							<viewBoundScale>0.75</viewBoundScale>
						</Icon>
						<LatLonBox>
							<north>17.93904119106455</north>
							<south>16.76527004067293</south>
							<east>79.15041265388649</east>
							<west>77.81655792637847</west>
						</LatLonBox>
					</GroundOverlay>
					<Folder id="5A59A433E1000002">
						<name>ORR, RRR &amp; 300 FT ROAD</name>
						<styleUrl>#__managed_style_00F5A6CFC93DDD5CDF290</styleUrl>
						<Folder id="5A59A433E1000003">
							<name>300_ft_road</name>
							<open>1</open>
							<styleUrl>#__managed_style_00F5A6CFC93DDD5CDF290</styleUrl>
							<Placemark id="5A59A433E1000004">
								<name>Greenfield Road</name>
								<styleUrl>#__managed_style_062C204B493DDD5CDF2C</styleUrl>
								<ExtendedData>
									<SchemaData schemaUrl="#__managed_schema0">
										<SimpleData name="COL5A59A4382D6B0DDC">1</SimpleData>
										<SimpleData name="COL5A59A4382DCBC8C7">41604.6469326806</SimpleData>
									</SchemaData>
								</ExtendedData>
								<LineString>
									<coordinates>
										78.58073394493297,16.82944853634272,0 78.574006370934,16.8757623609861,0 78.54744463280331,17.049878429361,0 78.54744301603991,17.0498902241125,0 78.5394385675406,17.1157070107157,0 78.52903940170791,17.1876392767279,0 78.52903590575799,17.1876749221883,0 78.5277910034556,17.2116411600437,0 
									</coordinates>
								</LineString>
							</Placemark>
							<Placemark id="5A59A433E1000005">
								<name>Greenfield Road</name>
								<styleUrl>#__managed_style_062C204B493DDD5CDF2C0</styleUrl>
								<ExtendedData>
									<SchemaData schemaUrl="#__managed_schema0">
										<SimpleData name="COL5A59A4382D6B0DDC">1</SimpleData>
										<SimpleData name="COL5A59A4382DCBC8C7">41604.6469326806</SimpleData>
									</SchemaData>
								</ExtendedData>
								<LineString>
									<coordinates>
										78.58156904771089,16.82944290147803,0 78.5748415369229,16.8758759263722,0 78.5748410992805,16.8758788711637,0 78.54828083452681,17.0499904904578,0 78.5402768771893,17.1158057210445,0 78.54027571469869,17.1158144571371,0 78.52987881881,17.1877333206815,0 78.52863495695659,17.2116816468939,0 
									</coordinates>
								</LineString>
							</Placemark>
						</Folder>
						<Placemark id="5A59A433E1000006">
							<name>RRR</name>
							<LookAt>
								<longitude>78.47123634785018</longitude>
								<latitude>16.8532825442814</latitude>
								<altitude>570.9392548645432</altitude>
								<heading>0</heading>
								<tilt>0</tilt>
								<gx:fovy>35</gx:fovy>
								<range>8800.609386905562</range>
								<altitudeMode>absolute</altitudeMode>
							</LookAt>
							<styleUrl>#__managed_style_046134F06F3DDD5CDF442</styleUrl>
							<LineString>
								<coordinates>
									78.53184428476156,16.82364292283522,0 78.53090888838585,16.82362931752677,0 78.52997103416037,16.82363095362514,0 78.52903414890433,16.82365050054353,0 78.52809531441433,16.82368604823165,0 78.52715898828632,16.82373788447936,0 78.52622500846225,16.82380596144439,0 78.52529027037336,16.82389105387298,0 78.52435774171953,16.82399179464606,0 78.52342900988189,16.82410921518562,0 78.52249997090578,16.82423563326438,0 78.52157140749495,16.8243619908135,0 78.52064385660158,16.82448658996969,0 78.51971461312192,16.82461289677992,0 78.51950497788894,16.82469661119985,0 78.51878539561748,16.82473865928259,0 78.51785615930874,16.82486516795567,0 78.51692778791178,16.82499151743618,0 78.51599928327261,16.82511753967907,0 78.51507121415374,16.82524263426119,0 78.51489868732664,16.82530048987117,0 78.51414220947071,16.82536928965572,0 78.51321485053785,16.82549431169161,0 78.51228419337689,16.82562123461232,0 78.51135567388125,16.82574740738727,0 78.51042718841221,16.82587287609714,0 78.5094997351755,16.82600222841148,0 78.5085740147663,16.82614589330088,0 78.50764853676213,16.8263013647057,0 78.506729580593,16.82646914520528,0 78.50580960311046,16.82665056089174,0 78.50489261184646,16.82684368346967,0 78.50398011710053,16.82704957177813,0 78.50306971875764,16.82726811319289,0 78.50216413943146,16.82749968508432,0 78.50128610845883,16.82773774551853,0 78.50126142695412,16.82774312831667,0 78.50036164608971,16.82799902292569,0 78.4994659845578,16.82826726566815,0 78.49857383585004,16.8285479598648,0 78.49768710084795,16.82884071344118,0 78.49680370997365,16.82914506431616,0 78.49592510269595,16.82946253622712,0 78.49505293111577,16.82979145699895,0 78.49418448195084,16.83013298370234,0 78.49332144512057,16.8304851289998,0 78.49246392874562,16.83085046786797,0 78.49160944978142,16.83122352637892,0 78.49127742721736,16.83139278196865,0 78.49075567725259,16.83159747475334,0 78.48990268515715,16.83197095064767,0 78.48904833841141,16.83234495849097,0 78.48819190812203,16.83271501733124,0 78.48732888631795,16.83306616941099,0 78.48645560453177,16.83339608432697,0 78.48557434940066,16.83370490937532,0 78.48468557995739,16.83399176877442,0 78.48379014604006,16.83425747070287,0 78.48288506421675,16.83450307147859,0 78.48197708689047,16.83472581723796,0 78.48106331609372,16.83492757655272,0 78.48014788511225,16.83512532084751,0 78.47923310870266,16.83532266051849,0 78.47831845092828,16.83552061940247,0 78.47740397275614,16.83571814619718,0 78.47648849355939,16.83591632609057,0 78.47557216184123,16.83611403233806,0 78.47465786741128,16.83631157837064,0 78.47374391807729,16.83650902561186,0 78.47282831522843,16.83670659034789,0 78.47191137669475,16.83690476623737,0 78.47099854619691,16.83710164111102,0 78.4700811523342,16.83730035510791,0 78.46916686890373,16.83749719188936,0 78.46825172637328,16.83769501474121,0 78.46733812689911,16.8378938528833,0 78.46642568209985,16.83810076332717,0 78.46551633786255,16.83832374114655,0 78.4646132116075,16.83855970433137,0 78.4637108849531,16.83881192447108,0 78.46281462601031,16.83907772128506,0 78.46192274916719,16.83935859541258,0 78.46103584757996,16.83965282461736,0 78.46015558109097,16.83996205594393,0 78.45927970577367,16.84028466160403,0 78.45840957007206,16.84062211420619,0 78.4575444730344,16.84097292322213,0 78.45668669703949,16.8413372253331,0 78.45583550189427,16.84171560570215,0 78.45499008652466,16.84210748910167,0 78.45415366721829,16.84251322696342,0 78.453321766569,16.84293210762838,0 78.45249294189445,16.84335694732224,0 78.45166618867005,16.84378166308544,0 78.45083857498247,16.84420612690374,0 78.45001151126694,16.84463014899875,0 78.44918294598602,16.84505474045384,0 78.44835610053681,16.84547898269014,0 78.44752762412327,16.84590449538938,0 78.44670123328322,16.84632829976862,0 78.4458724662354,16.84675297731706,0 78.44504488534662,16.84717775370934,0 78.44421670006577,16.84760222248974,0 78.44338892213862,16.84802672489515,0 78.44256214623476,16.84845010158041,0 78.44173350928291,16.84887538035457,0 78.44090510318965,16.84929999654129,0 78.44007748721037,16.84972448598449,0 78.43925021100998,16.85014906706382,0 78.43842202594931,16.85057400333248,0 78.43759119079648,16.85099914436457,0 78.43676652483458,16.85142241320137,0 78.43593720039283,16.85184594886158,0 78.43510526016654,16.85225978496927,0 78.43426584567408,16.85266413759793,0 78.43342161134115,16.85305865111435,0 78.43257312687152,16.85344214091272,0 78.43171916380155,16.85381643199875,0 78.43086212045219,16.85418169377747,0 78.43050697562899,16.85434659252704,0 78.43000304244661,16.85454674354617,0 78.42914668265998,16.85491205424757,0 78.42828892821446,16.85527610695829,0 78.42743060465068,16.85564191526453,0 78.42657146904531,16.85600733752326,0 78.42571511984163,16.85637167978824,0 78.42485699900912,16.85673669833316,0 78.42466476237026,16.8568107820543,0 78.42399872742187,16.85710237431435,0 78.42314141594349,16.85746656057801,0 78.42228272246295,16.85783207357634,0 78.42142571183994,16.85819706042802,0 78.42056781430654,16.85856149824291,0 78.41970898649838,16.85892742568282,0 78.4188515119462,16.85929230500561,0 78.41799372756942,16.85965711161292,0 78.41713675170836,16.86002166617335,0 78.41627820813288,16.86038673235214,0 78.41541979350538,16.86075216371595,0 78.41456253241648,16.86111694159605,0 78.41370468919126,16.86148173987612,0 78.41284330228704,16.86184505889806,0 78.41198615371172,16.86220990412636,0 78.41112773939356,16.86257508727579,0 78.41027009366127,16.8629406092795,0 78.40941163670524,16.86330597033655,0 78.40855409964779,16.8636699539517,0 78.40769707850092,16.86403538395056,0 78.40683762759517,16.8643986541945,0 78.40597320726735,16.86474913043339,0 78.40510362446622,16.86508494822808,0 78.40422720425147,16.865408624665,0 78.40334560704837,16.86571661927507,0 78.40245988017122,16.86601151114953,0 78.40156762374549,16.86629137839935,0 78.40067091172968,16.86655779549352,0 78.39976950671588,16.8668092402751,0 78.39886792196559,16.86705129358473,0 78.39796467566161,16.86729606007563,0 78.39706142701777,16.86754082261263,0 78.39615819285515,16.86778465103934,0 78.39525557504024,16.86802809350228,0 78.39435188498989,16.86827244380621,0 78.3916431832336,16.86900399034482,0 78.39073983808629,16.86924841070315,0 78.38983659319085,16.86949228907217,0 78.38893430696839,16.86973576691662,0 78.38803010293393,16.86997999212528,0 78.38712769928652,16.87022428127553,0 78.38622513419303,16.87046735115845,0 78.38532184420446,16.87071141914051,0 78.38441827452478,16.8709549523063,0 78.38351542643272,16.87119279026442,0 78.38261257606747,16.87143062427133,0 78.38170927365336,16.87167982012539,0 78.38080634392229,16.87193084018428,0 78.37990353979738,16.87217567395511,0 78.3790000622031,16.87242018944788,0 78.37809721123209,16.87266323743334,0 78.37719340976838,16.8729068931914,0 78.37630800642449,16.87307700585466,0 78.37538793429383,16.87339427230104,0 78.37448519693066,16.87363731176288,0 78.37358167341844,16.87388144689127,0 78.37267852627429,16.87412618496159,0 78.37177591235901,16.87437057921607,0 78.37087407602301,16.87461970005887,0 78.36997223730816,16.87486881695861,0 78.36908060767017,16.87514821954861,0 78.36818897539425,16.87542761828419,0 78.36731615791982,16.87575766418832,0 78.36644333739494,16.87608770639883,0 78.36557051381956,16.87641774491564,0 78.36469768719367,16.87674777973865,0 78.36383401763187,16.87710000260617,0 78.36297034484851,16.87745222185684,0 78.36210666884351,16.87780443749056,0 78.36124298961687,16.87815664950724,0 78.36037930716849,16.87850885790679,0 78.35951562149833,16.87886106268911,0 78.35865193260636,16.87921326385412,0 78.35778824049252,16.87956546140171,0 78.35695051596917,16.87992175206402,0 78.35611278828442,16.88027803932301,0 78.35527505743815,16.8806343231786,0 78.35485619082944,16.8808124638301,0 78.35443732343032,16.8809906036307,0 78.35401845524082,16.88116874258041,0 78.3535995862609,16.88134688067922,0 78.35318071649058,16.88152501792711,0 78.35276184592982,16.88170315432406,0 78.35192410243705,16.88205942456515,0 78.35108635578251,16.88241569140239,0 78.35024860596617,16.88277195483569,0 78.34941085298796,16.88312821486497,0 78.34857309684783,16.88348447149013,0 78.34773533754574,16.88384072471108,0 78.34689757508163,16.88419697452774,0 78.34605980945544,16.88455322094002,0 78.34522204066715,16.88490946394782,0 78.34438426871667,16.88526570355107,0 78.34354649360394,16.88562193974966,0 78.34270871532895,16.88597817254352,0 78.34187093389161,16.88633440193254,0 78.3410331492919,16.88669062791666,0 78.34019536152975,16.88704685049577,0 78.3393575706051,16.88740306966978,0 78.3385197765179,16.88775928543861,0 78.33768197926811,16.88811549780216,0 78.33684417885567,16.88847170676036,0 78.33600637528053,16.8888279123131,0 78.33516856854263,16.88918411446031,0 78.33433075864193,16.88954031320188,0 78.33349294557837,16.88989650853773,0 78.33265512935191,16.89025270046778,0 78.33181730996247,16.89060888899194,0 78.33097948741,16.89096507411011,0 78.32985942768995,16.89082271036754,0 78.32873936966006,16.89068034053764,0 78.32761931332037,16.89053796462048,0 78.32649925867095,16.89039558261611,0 78.32537920571185,16.89025319452461,0 78.32425915444314,16.89011080034603,0 78.32313910486485,16.88996840008044,0 78.32201905697707,16.8898259937279,0 78.32109617507724,16.88998623176661,0 78.32017510837071,16.89015622798174,0 78.31925908289639,16.89035308179932,0 78.31835027804422,16.89057521595162,0 78.31700857602428,16.89098131142105,0 78.31566686822917,16.89138739815547,0 78.31479455187572,16.89171934999312,0 78.31392223245288,16.89205129813832,0 78.31222011392111,16.89281054092816,0 78.31138608587119,16.89322452091849,0 78.31055790413592,16.89364780916351,0 78.30972981485998,16.89407132977983,0 78.30890131874298,16.89449615624717,0 78.30786714783008,16.89501441863669,0 78.30683297123475,16.8955326758355,0 78.30558811585747,16.89618986720044,0 78.30476460099619,16.89656917466018,0 78.3039313649908,16.89703725690108,0 78.30310356711614,16.89746132428579,0 78.30227412183251,16.89788369894119,0 78.30144595174229,16.8983073013647,0 78.3006182470663,16.89873091723921,0 78.29896110061135,16.89957824951711,0 78.29730393926519,16.90042556846381,0 78.29604627592032,16.90103252992555,0 78.29478860447927,16.90163948370824,0 78.29222202166122,16.90275059195106,0 78.29135600078428,16.90309866036854,0 78.29048534629605,16.90343522946594,0 78.28961557705085,16.90377105969314,0 78.28874453476217,16.90410591667497,0 78.28787403682954,16.90444299525291,0 78.28700395545319,16.90477874619029,0 78.28613276975111,16.90511479255171,0 78.28526243740667,16.9054505273593,0 78.28439168224043,16.90578719649441,0 78.28352166014018,16.90612384655592,0 78.28265013861062,16.90646024679722,0 78.28177986373761,16.90679749665035,0 78.28090864185054,16.9071333829272,0 78.28003829031795,16.90746951571983,0 78.27916793568126,16.9078056448336,0 78.27829889577228,16.90814470661919,0 78.27743818250296,16.90850351657055,0 78.27658803885782,16.90888448593922,0 78.27574772882866,16.90928422383926,0 78.27491630444111,16.90970501434736,0 78.27409743101973,16.91014501481227,0 78.27308609183662,16.91070531736004,0 78.27238893281174,16.91112634627604,0 78.27169177067172,16.91154737283119,0 78.27089084581795,16.91201651914286,0 78.27008858001446,16.91248670507578,0 78.26928542219271,16.91295491841593,0 78.26848603100674,16.91342605668073,0 78.26768299922223,16.9138933310649,0 78.26718754900888,16.9141910469006,0 78.26669209722979,16.91448876154375,0 78.26619664388495,16.91478647499434,0 78.26570118897432,16.91508418725232,0 78.26367773274184,16.91624363910085,0 78.25967123323328,16.9185914883981,0 78.25886079089743,16.91904129470069,0 78.25804671753293,16.91949436082928,0 78.25720973902104,16.91990048694317,0 78.25635680523989,16.92027669728485,0 78.25549004574243,16.92062354307956,0 78.25461073181201,16.9209377880859,0 78.25371953843849,16.92121783833354,0 78.25281782547388,16.92146663333633,0 78.2519065930237,16.92168347426671,0 78.2509883755876,16.92186575545154,0 78.25006410337161,16.922014122695,0 78.24913299864043,16.92213017981721,0 78.24819916015471,16.92221237155808,0 78.24726083010452,16.92226786279708,0 78.24632709174406,16.92233168869284,0 78.24539063007623,16.92239091807335,0 78.24445428590869,16.92245071592372,0 78.24258601870147,16.92257206055835,0 78.24071236746342,16.92269121136944,0 78.23977774375089,16.92274982112147,0 78.23884088028291,16.92281004565796,0 78.23790414114136,16.92286900375743,0 78.23697036441497,16.92294641869567,0 78.23603697063986,16.92304453313977,0 78.23510920006773,16.92316523695242,0 78.2341821204494,16.92330963703992,0 78.23325800702753,16.92347551969623,0 78.23234189296799,16.92366364618841,0 78.23143866360788,16.92387571957971,0 78.23053125592048,16.92411263023072,0 78.22962384594975,16.92434953687947,0 78.22871643369568,16.9245864395259,0 78.22780901915827,16.92482333816994,0 78.22684779562213,16.92507732332689,0 78.22588656949277,16.92533130399256,0 78.22492534077017,16.92558528016686,0 78.22396410945433,16.92583925184972,0 78.22300287554526,16.92609321904104,0 78.22204163904296,16.92634718174075,0 78.2210803999474,16.92660113994876,0 78.22011915825861,16.92685509366498,0 78.21915791397659,16.92710904288934,0 78.2181966671013,16.92736298762174,0 78.21723541763276,16.92761692786212,0 78.21627416557097,16.92787086361037,0 78.21579353856761,16.92799782979992,0 78.21531291091593,16.92812479486642,0 78.21483228261594,16.92825175880984,0 78.21435165366762,16.92837872163019,0 78.213871024071,16.92850568332744,0 78.21339039382606,16.92863264390159,0 78.2129097629328,16.92875960335263,0 78.21242913139123,16.92888656168054,0 78.21192055239756,16.92902122198729,0 78.21141197267623,16.9291558810365,0 78.21090339222727,16.92929053882813,0 78.21039481105068,16.92942519536218,0 78.20988622914643,16.92955985063864,0 78.20937764651457,16.9296945046575,0 78.20886906315506,16.92982915741874,0 78.20836047906792,16.92996380892235,0 78.20785189425314,16.93009845916832,0 78.2073433087107,16.93023310815664,0 78.20683472244065,16.93036775588729,0 78.20632613544292,16.93050240236026,0 78.20581754771756,16.93063704757554,0 78.20530895926457,16.93077169153312,0 78.20480037008393,16.93090633423297,0 78.20429178017564,16.9310409756751,0 78.20384008268479,16.93116058382716,0 78.20338838461984,16.93128019098712,0 78.2029366859808,16.93139979715498,0 78.20248498676767,16.93151940233071,0 78.20203163921478,16.93163887229615,0 78.20157829108634,16.93175834126221,0 78.20112494238235,16.93187780922888,0 78.20067159310281,16.93199727619614,0 78.20022125372186,16.93211641005851,0 78.19977091377079,16.93223554293469,0 78.19932057324959,16.93235467482468,0 78.19887023215824,16.93247380572846,0 78.19841989049677,16.93259293564602,0 78.19796954826516,16.93271206457736,0 78.19751920546342,16.93283119252247,0 78.19706886209154,16.93295031948134,0 78.19525171325336,16.93342973366204,0 78.19343455515684,16.93390913178471,0 78.19162564298375,16.93438704538372,0 78.18981672162258,16.93486494306917,0 78.18712822033656,16.93557816352792,0 78.18619911315901,16.93582127267269,0 78.18529451403916,16.93606011094267,0 78.18438930526608,16.93629979805269,0 78.18348407771579,16.93653904310768,0 78.18257845381692,16.93677800733639,0 78.18170080893745,16.93703828502694,0 78.18077886118003,16.9372677069884,0 78.17986458432767,16.93749365318429,0 78.1789619776368,16.93773283385818,0 78.17805751657342,16.93797220956094,0 78.17715305320843,16.93821158128453,0 78.17625171347419,16.93846917048454,0 78.17536379526813,16.93875866875015,0 78.17448570057211,16.93907954537243,0 78.17277627679267,16.93981878627361,0 78.16860361127493,16.94203965991582,0 78.16455999390506,16.94417758773458,0 78.14905216763972,16.95389452038863,0 78.1407275115486,16.96394049454632,0 78.13660260062197,16.96960215561153,0 78.13427245381551,16.97253655420101,0 78.13094827425866,16.97488517486084,0 78.11552899912547,16.98342961519198,0 78.10010831944983,16.99197289620176,0 78.08277150829242,17.01101713041185,0 78.06543117094961,17.0300598967665,0 78.05366360656917,17.04520998278536,0 78.04189413410344,17.06035939137023,0 78.03392469391002,17.07297005628361,0 78.0222985816881,17.09129254320097,0 78.01067018297621,17.10961436727905,0 77.99903949480377,17.12793552763267,0 77.98740651419848,17.14625602337604,0 77.98035256741029,17.16016336603144,0 77.97329756313371,17.17407046382754,0 77.97035045297208,17.1904406684688,0 77.96740282176897,17.20681083030173,0 77.96666322913964,17.21475824410537,0 77.96331147171082,17.23037155413129,0 77.95995914770569,17.24598480867411,0 77.96198151633516,17.26655885408483,0 77.96872241807981,17.29014750593916,0 77.9708709790596,17.3113211131155,0 77.96527328910652,17.33213391172965,0 77.96026392674206,17.34823264748477,0 77.96085859100204,17.36018642960635,0 77.96729243503528,17.38312658632747,0 77.96687085539354,17.4055106232172,0 77.97111883987174,17.42027522310629,0 77.97536751134992,17.43503973301589,0 77.97433265159374,17.44755245735048,0 77.97329764976678,17.4600651763379,0 77.97226250574111,17.47257788997333,0 77.97122721938872,17.48509059825196,0 77.96907606939421,17.50492892278265,0 77.96800645863058,17.51234473410693,0 77.96614745577313,17.52054621652119,0 77.96460622734445,17.5343218781874,0 77.97851049457789,17.54934810308097,0 77.98768812843637,17.56079493061499,0 77.99780623125415,17.575250910995,0 78.00567380695028,17.58061255586252,0 78.00976051822389,17.58650970514275,0 78.01574797798838,17.58990289954145,0 78.02145822608274,17.59271178641135,0 78.02482911946694,17.59363901119263,0 78.02573910894866,17.59386512406746,0 78.02665365526128,17.59408337756579,0 78.02756707801336,17.59429925060365,0 78.02848129639357,17.59451613267214,0 78.02902939990035,17.59464533378725,0 78.03421586723512,17.6011048919942,0 78.0350907136345,17.60265731179485,0 78.03597543865781,17.60440408665602,0 78.03619845603961,17.60528102770072,0 78.03643688668055,17.60618418286373,0 78.03672128959583,17.6070276037244,0 78.03700569516836,17.60787102417805,0 78.03733309119345,17.60871673236792,0 78.03768874132166,17.6095527660973,0 78.03807509573537,17.61037867527021,0 78.03848985385308,17.61118938353387,0 78.03892937325166,17.61198291129903,0 78.03940087923688,17.61276580562794,0 78.03989681160749,17.61353324240476,0 78.04041910139581,17.61428545185728,0 78.0409687211783,17.61501787909104,0 78.04154202238976,17.61573470900806,0 78.04214091166689,17.61642987654362,0 78.04276304803231,17.61710883110186,0 78.04340821333282,17.61776477675891,0 78.04407713445809,17.6184007120594,0 78.04476630490765,17.61901513899744,0 78.04547650875899,17.61960782649658,0 78.0462079568174,17.62017616871199,0 78.04695817148644,17.62072172113668,0 78.04772726975931,17.62124353940688,0 78.04851274992757,17.62173841010557,0 78.04931637518665,17.62221052364844,0 78.050136246571,17.62265448102754,0 78.05097017120286,17.62307340685553,0 78.05181814507726,17.62346428559133,0 78.05267990982534,17.62382825053754,0 78.0535536400925,17.62416566712951,0 78.0544382772667,17.62447357301021,0 78.05533376352953,17.62475345422753,0 78.05623776960826,17.62500442777009,0 78.0571502369489,17.62522609880187,0 78.05806990886924,17.62542161250923,0 78.05899075725561,17.62560969877777,0 78.05991150116304,17.62579736621189,0 78.06083201157357,17.62598536048835,0 78.0617526941123,17.6261732364037,0 78.062673540134,17.62636538550571,0 78.06358669646271,17.62658342835614,0 78.06449216994569,17.62683084481044,0 78.06538873444984,17.62710689933417,0 78.06627559566536,17.62741185380872,0 78.06714995911818,17.62774434675565,0 78.06801333975289,17.62810498629101,0 78.06886924078078,17.62848243215269,0 78.06972443403957,17.62885933765213,0 78.07057944124924,17.62923645312916,0 78.07143481335557,17.62961487621056,0 78.072289093797,17.62999127042839,0 78.07314512732906,17.6303696243078,0 78.07400051466158,17.63074770711162,0 78.07485563291678,17.63112501887409,0 78.07571116887127,17.6315029609163,0 78.07656656408346,17.6318800259478,0 78.07742156453203,17.63225784225092,0 78.07827768211769,17.63263538887324,0 78.07913203528051,17.63301279578999,0 78.07998766189527,17.63339024246803,0 78.08084292254661,17.63376742344816,0 78.08169811634832,17.63414549994149,0 78.08255324322057,17.63452275974158,0 78.08340888922679,17.63490004356386,0 78.08426466357089,17.63527766832818,0 78.08511891840249,17.63565513403611,0 78.08597460466304,17.63603255236254,0 78.08682994672611,17.63641048122917,0 78.08768540793244,17.63678781285824,0 78.08854089613209,17.63716563085475,0 78.08939640904573,17.63754247441413,0 78.09025196084896,17.63792027092734,0 78.09110668273028,17.63829811156007,0 78.09195760591803,17.63868477750447,0 78.09279691477681,17.63909320639016,0 78.09362607063484,17.63952142302699,0 78.09444419490018,17.63996781641278,0 78.09524967523868,17.64043610039913,0 78.09604301257643,17.64092180850485,0 78.09682302826756,17.6414272550689,0 78.09759039132898,17.6419513179282,0 78.09834348193743,17.64249255363109,0 78.09908191223855,17.64305268731768,0 78.09980667548426,17.64362927739639,0 78.10051493010242,17.64422389130088,0 78.10120828509697,17.64483572004033,0 78.10188481146092,17.64546275683074,0 78.10254494998996,17.64610689683305,0 78.1031886061772,17.64676671690688,0 78.10381481966812,17.64744113241709,0 78.10442250468905,17.64813049291808,0 78.10501216682724,17.64883378605465,0 78.10558410843345,17.64955146581197,0 78.10613618630791,17.65028220357586,0 78.10666984066707,17.65102677291799,0 78.10718392397,17.65178267289114,0 78.10767765015461,17.65255186362491,0 78.10815099394964,17.65333120975546,0 78.10860413723813,17.65412308803316,0 78.10903620121118,17.65492528703088,0 78.10945262213608,17.65573402325943,0 78.10986852533733,17.6565452105294,0 78.1102834379632,17.65735586653169,0 78.11069944904686,17.6581586772933,0 78.11111434338467,17.65897525352864,0 78.11153015987922,17.65978611684213,0 78.11194523781225,17.66059568532052,0 78.11236106973733,17.66140707859193,0 78.11277662914337,17.66221621855794,0 78.11319214169085,17.66302716163432,0 78.11360771107118,17.66383767934124,0 78.1140231212828,17.66464800655636,0 78.11443875791903,17.66545856093219,0 78.11485415603745,17.6662684989552,0 78.11527000790045,17.66707841393832,0 78.11568486882356,17.6678878436283,0 78.11610087833813,17.66869855556796,0 78.1165163611288,17.66950891293578,0 78.11693215394652,17.67031910677629,0 78.11734739015539,17.67112939539086,0 78.11776273918537,17.67193987938769,0 78.11817856865898,17.672749894832,0 78.11859388995377,17.67356022606285,0 78.11901000748708,17.67437021944705,0 78.11942473417955,17.67518030661985,0 78.11984065830275,17.67599074982169,0 78.12025670723831,17.67680051518759,0 78.12067209226662,17.67761004830946,0 78.12108708559668,17.67842075122796,0 78.12150358460619,17.67923110151851,0 78.12191891718651,17.68004094675683,0 78.12233384202672,17.68085089428453,0 78.12274965008469,17.68166110106586,0 78.12316551905656,17.68247182283982,0 78.12358114727415,17.68328207392657,0 78.1239963133135,17.68409166926237,0 78.1243788532921,17.68490199671343,0 78.12482734609561,17.68571298787711,0 78.12524341166693,17.68652221893709,0 78.12565913438949,17.68733053375901,0 78.12607454369409,17.68814007155347,0 78.12649490130399,17.68894897556969,0 78.12693498180323,17.68974673493676,0 78.12739867757577,17.69053198144573,0 78.12788490143238,17.69130568512713,0 78.12839382054935,17.69206607643228,0 78.1289235414125,17.6928112327747,0 78.12947634996323,17.69354372778725,0 78.13004887878202,17.69426055078016,0 78.13064216926669,17.69496126815668,0 78.13125550601323,17.69564646485636,0 78.1318888721578,17.69631289396087,0 78.13254072038823,17.69696637227752,0 78.13321153100917,17.69760029213503,0 78.13390048019924,17.6982155061471,0 78.13460694259759,17.69881283122905,0 78.13533023679294,17.69939132601076,0 78.13607058373958,17.69994951584234,0 78.13682668474125,17.70048795220707,0 78.13759777448038,17.70100572703165,0 78.1383838090553,17.70150355982405,0 78.13918412258174,17.70198030256149,0 78.13998994660302,17.70244773951196,0 78.14079556205763,17.70291488196069,0 78.14160203797555,17.70338253927964,0 78.14240757111089,17.7038494673194,0 78.14321428021947,17.70431677809208,0 78.14401984581937,17.70478441411897,0 78.14482588328958,17.70525158820361,0 78.14563179817247,17.70571873575783,0 78.14643811829484,17.70618616740774,0 78.14724422355908,17.706652919222,0 78.14805043931067,17.70712063847909,0 78.1488561806275,17.70758780089807,0 78.14966201347116,17.70805492290722,0 78.15046821537344,17.70852149745011,0 78.15127399099393,17.70898868868358,0 78.15208032975507,17.7094561442952,0 78.1528861277433,17.70992349472811,0 78.15369295842581,17.71039114455089,0 78.15449865212597,17.7108583692183,0 78.15530375243826,17.71132110183518,0 78.15611089562447,17.71179253721749,0 78.15691700294013,17.71225997895846,0 78.15772224366991,17.71272558366455,0 78.1585286762445,17.71319441284454,0 78.15933533540141,17.71366094245102,0 78.16014136411123,17.71412857213183,0 78.16094743362085,17.71459595995063,0 78.16175352827386,17.7150631252486,0 78.16255964518905,17.71552969756387,0 78.16336593121351,17.71599764517692,0 78.16417188605416,17.71646475788226,0 78.16497831388382,17.71692941538028,0 78.16578445475132,17.71739880205635,0 78.16659037080996,17.71786623784945,0 78.16739696859221,17.71833222514134,0 78.16820317480641,17.718799820056,0 78.16900566093038,17.7192723987182,0 78.16979854767136,17.71976015496217,0 78.17058065986821,17.72026317451218,0 78.17135304406611,17.72078059535352,0 78.17211433982017,17.7213131983405,0 78.17286532003413,17.72185722753732,0 78.17361650971681,17.72240303814973,0 78.17436656571205,17.72294876699456,0 78.17511718273313,17.72349390154086,0 78.17586814747737,17.72403978886203,0 78.17661855079001,17.72457896269927,0 78.17736953491799,17.7251309386558,0 78.17812014744739,17.72567625208682,0 78.17887565272569,17.72621587432893,0 78.17965218651995,17.72672787139981,0 78.18044778055999,17.72721082024303,0 78.18126212452829,17.72766349028668,0 78.18209423054994,17.72808744333612,0 78.18294170805247,17.72848244287618,0 78.18379161743053,17.72887205671999,0 78.18464152716145,17.72926193184893,0 78.18549137033196,17.72965169284595,0 78.186340974104,17.73004157803804,0 78.18719110964308,17.73043100719505,0 78.18804077701272,17.73082131686178,0 78.18889073681336,17.73121002067624,0 78.18974083025878,17.73160050104478,0 78.19059074960872,17.73198949015177,0 78.19144039859442,17.7323793109354,0 78.19229012147045,17.73276932863819,0 78.19314006683318,17.73315829133675,0 78.19398957345233,17.73354855755069,0 78.19484022858329,17.73393776227611,0 78.19568968087447,17.73432754397288,0 78.1965394866765,17.73471759557837,0 78.19738992730144,17.73510777604381,0 78.19823954303213,17.73549863911822,0 78.1990893637101,17.73588707198251,0 78.19993923594944,17.73627707347341,0 78.20078933051417,17.73666658116636,0 78.20163901847835,17.73705618547714,0 78.20248906561294,17.73744616898698,0 78.20333926853921,17.73783602283899,0 78.20418601054746,17.73823238069365,0 78.20502700089739,17.73863845709064,0 78.20586296822265,17.73905540838905,0 78.20669339779893,17.73948233216105,0 78.20751839814251,17.73991897917341,0 78.20833704254582,17.74036517099486,0 78.20915050587422,17.74082103874822,0 78.20995687178149,17.74128701604371,0 78.21075814809917,17.74176064904728,0 78.21155260224648,17.74224713167859,0 78.21234444761794,17.74273783221555,0 78.21313520505589,17.74322802181976,0 78.21392591702053,17.7437190332715,0 78.21471680879691,17.74420929712895,0 78.21550842186362,17.74469924262745,0 78.21629957900115,17.74518960898654,0 78.21709030726856,17.74567977450882,0 78.21788208242097,17.74617052084492,0 78.21867297427258,17.74666041961152,0 78.21946454944307,17.74715111985515,0 78.22025547967522,17.74764103824656,0 78.2210465301594,17.74813118090654,0 78.22183766445399,17.74862067239869,0 78.22262975972353,17.74911213755774,0 78.22342073611395,17.74960209134291,0 78.2242121095841,17.7500921010513,0 78.23058939509687,17.75396978606341,0 78.23133437676303,17.75450432130364,0 78.23212514548767,17.75499465072058,0 78.23291658365903,17.75548459396905,0 78.23370797742372,17.75597460568866,0 78.23449953458811,17.75646497812926,0 78.23529078601723,17.75695580312738,0 78.23608243646473,17.75744581108416,0 78.23687395911972,17.75793592683844,0 78.23766288424619,17.75842937347451,0 78.23844275711605,17.75893550003458,0 78.23921454653502,17.75945363508548,0 78.23997758027694,17.75998401950301,0 78.24073046113786,17.76052694049131,0 78.24147432119852,17.76108149799864,0 78.2422083006705,17.76164752708405,0 78.2429322814332,17.76222567339355,0 78.24365085815295,17.76280956595887,0 78.24436970540819,17.7633930671745,0 78.24508878806799,17.76397718713041,0 78.24580736909036,17.76456066074692,0 78.24652591303176,17.76514462084419,0 78.24724575621624,17.7657286054276,0 78.24796499773454,17.76631183524489,0 78.24868294085078,17.76689608443353,0 78.2494021348503,17.76748002152924,0 78.25012134304302,17.76806365918688,0 78.2508400237202,17.76864764530357,0 78.25155887373394,17.76923112797857,0 78.25227781052432,17.76981493143183,0 78.25299629507769,17.7703982185199,0 78.25371708757872,17.77098195227066,0 78.25443642029659,17.77156566966699,0 78.25515526528724,17.77214935560305,0 78.25587302098508,17.77273425194666,0 78.25658013068701,17.77333095800608,0 78.25727134331507,17.77394504312643,0 78.2579464960117,17.77457492385943,0 78.25860482792535,17.77522084186006,0 78.25924602117074,17.77588319639753,0 78.25986964265996,17.77656015514268,0 78.26047522999453,17.77725136239285,0 78.26106307122342,17.77795747232395,0 78.261632193502,17.77867696549481,0 78.26218239987818,17.77941024785781,0 78.26271300237595,17.78015668233072,0 78.2632243253025,17.7809152168472,0 78.26371596686158,17.78168588192376,0 78.26420309059375,17.78245129025259,0 78.26468492226198,17.7832345768986,0 78.26516931622358,17.78400820768307,0 78.26565426394714,17.78478327648007,0 78.26662330622678,17.78633186027671,0 78.26710783366816,17.78710615038736,0 78.26759236531088,17.78788043930613,0 78.26807707561481,17.78865481696696,0 78.26856179012253,17.78942919343492,0 78.26904650883426,17.79020356870996,0 78.26953123175025,17.790977942792,0 78.27001609877209,17.79175283748124,0 78.270500836709,17.79252776383885,0 78.27098548238089,17.793300573334,0 78.27147041511478,17.79407516961078,0 78.27195494171669,17.79485020166726,0 78.27243975651537,17.79562507978908,0 78.27292469912679,17.79639918729385,0 78.27340892468003,17.79717316895654,0 78.27389378638412,17.79794819437105,0 78.2743839731349,17.79871961549906,0 78.27489439309993,17.799478785112,0 78.27542610256386,17.80022427429369,0 78.27597853232531,17.80095566159519,0 78.27655157669031,17.80167251626559,0 78.27714468430635,17.80237424437463,0 78.27775765507155,17.80306028659768,0 78.27838913622966,17.80373044134954,0 78.27903978080916,17.80438280473718,0 78.27970865982418,17.80502053225583,0 78.28039479484303,17.8056389825067,0 78.28109847526025,17.80623959833747,0 78.28181906102695,17.80682217460042,0 78.28255513960707,17.80738576639656,0 78.28330716233539,17.8079298828818,0 78.2840743418013,17.80845467846703,0 78.28485652202704,17.80895839553736,0 78.28565188415649,17.80944329867754,0 78.28646081159108,17.80990631932255,0 78.28728309731038,17.81034886644966,0 78.28811712682226,17.81077001961154,0 78.28896246780798,17.81116859200746,0 78.28981820593565,17.81154531404754,0 78.29068532901454,17.81189964696121,0 78.29156135897149,17.81223247048503,0 78.2924473629167,17.81254131663571,0 78.29334154106814,17.81282711288177,0 78.29424362742233,17.81308981312071,0 78.29515237385756,17.81333135084908,0 78.29606226379698,17.81356741959955,0 78.29697202834562,17.81380351794101,0 78.297881651526,17.8140390340047,0 78.29879191685839,17.81427522939065,0 78.30152201140342,17.81498164450807,0 78.30243166767589,17.81521753450504,0 78.3033414947902,17.81545383664879,0 78.30425132431624,17.81569013458421,0 78.30516134718889,17.81592597267897,0 78.30606817902344,17.81617445505421,0 78.30696620264747,17.81644822571006,0 78.3078562532327,17.81674578819197,0 78.30873692486635,17.81706751420966,0 78.3096073957938,17.81741404231729,0 78.31046758078247,17.81778392959924,0 78.31131577426966,17.818177102364,0 78.31215626982802,17.81858618963243,0 78.31299643622278,17.81899552523137,0 78.31383650625949,17.81940529771211,0 78.31467669945171,17.81981548123615,0 78.31551643681229,17.82022397668403,0 78.31635699215066,17.82063499943697,0 78.31719666071069,17.82104495285796,0 78.31803674997467,17.82145477696124,0 78.31887886615476,17.82186158675121,0 78.31972745860335,17.82225317703535,0 78.32058534281308,17.82262783947278,0 78.32145012485994,17.82298829278551,0 78.3223223978366,17.82332956008508,0 78.32320166854888,17.82365569500979,0 78.32408757769352,17.82396473174453,0 78.3249795103155,17.82425556514115,0 78.32587697941472,17.82453199661741,0 78.32677789994501,17.82480095643102,0 78.3276764976563,17.82507164908209,0 78.32857604698958,17.82534160524466,0 78.32947622788295,17.82561073184689,0 78.33037546538598,17.82588207686838,0 78.3312750242381,17.8261516177206,0 78.33217447754579,17.82642226259653,0 78.33307279006084,17.82668708274186,0 78.33397445326902,17.82695682669496,0 78.33487365441286,17.82723229820376,0 78.33577320346436,17.82750294119604,0 78.33667292270954,17.82777249996697,0 78.3375724684133,17.82804255138154,0 78.33847282785415,17.82831281017159,0 78.33937374110673,17.82857614410239,0 78.34028217888681,17.82881882611335,0 78.34119683160357,17.82903866542379,0 78.34211718779309,17.82923410180885,0 78.34304258771695,17.82940697166277,0 78.34397233310283,17.82955650469111,0 78.34490638110584,17.82968247519111,0 78.34584273251593,17.82978541185703,0 78.34677987776422,17.82988120119527,0 78.34771720218843,17.82997641267584,0 78.34865508168042,17.83007225255206,0 78.34959242876153,17.83016788521261,0 78.35052981529613,17.8302636202483,0 78.35146729907129,17.83035916764097,0 78.35240441268144,17.83045455076672,0 78.35334265606997,17.83055012131289,0 78.35427953654445,17.83064572041314,0 78.35521738286947,17.8307417332597,0 78.35615490849676,17.83083726778759,0 78.3570926580409,17.83093279816491,0 78.35802966876108,17.83102809126204,0 78.3589675988209,17.83112319640353,0 78.35990480657344,17.83121985333652,0 78.36084278550433,17.83131491076612,0 78.36178055391763,17.83141013432607,0 78.36271679247118,17.83151317575209,0 78.36365219323494,17.83162575192603,0 78.36458617367835,17.83174644333943,0 78.36551959170394,17.83187571522639,0 78.36645122204585,17.83201441563785,0 78.36738146639338,17.83216104105798,0 78.36831063767212,17.83231805449639,0 78.3692367429619,17.83248260814578,0 78.37016233457645,17.83265651487064,0 78.37108577645562,17.8328397003459,0 78.37200676057161,17.83303190827904,0 78.37292640198885,17.83323145924739,0 78.37384357392395,17.83344065025586,0 78.37475841234694,17.83365869030803,0 78.37567075775397,17.8338855305587,0 78.3765813110678,17.83412116172057,0 78.37748873203192,17.83436568853276,0 78.37839377724157,17.83461816438957,0 78.37929674151866,17.83487935556291,0 78.38019606049947,17.83514968070651,0 78.38109278930457,17.8354286435518,0 78.38198660899198,17.83571633668234,0 78.38287753731676,17.83601259896352,0 78.38376489213509,17.83631669679944,0 78.38464951332229,17.83662905813674,0 78.38553045244898,17.83695070585688,0 78.3864087581513,17.83728057154198,0 78.38728156831245,17.83757868503166,0 78.38815357238082,17.83796455991666,0 78.3890231827433,17.83831437940952,0 78.38989273188079,17.83866302278546,0 78.39076199513811,17.83901187214513,0 78.39163143663831,17.839361403859,0 78.39250133392225,17.83971019087382,0 78.39337166470926,17.84005877140751,0 78.39424101586604,17.84040829963674,0 78.39511015115005,17.84075740046632,0 78.39597974704573,17.84110649207338,0 78.39684985486002,17.84145585577433,0 78.39771908350575,17.84180448053832,0 78.39858865391888,17.84215352941952,0 78.39945892473015,17.84249770762945,0 78.4003276731526,17.84285120605029,0 78.4011978037684,17.84320082895278,0 78.40206746658704,17.84354961551051,0 78.40293838605184,17.84389565460522,0 78.40380631182602,17.84424778935064,0 78.40467403534181,17.84457698518666,0 78.40554603721456,17.84494591849676,0 78.40641567392619,17.84529436966364,0 78.40728474583216,17.84564385327559,0 78.40815469612107,17.84599225241464,0 78.40902426709157,17.84634167020213,0 78.40989391866979,17.84669052904603,0 78.4107638297165,17.84703969384373,0 78.41163357560328,17.8473886512671,0 78.41250154058693,17.84774165823465,0 78.41336229101853,17.8481101439626,0 78.41421488453832,17.84849573482724,0 78.41505998021329,17.8488971407766,0 78.41589551461558,17.84931460118252,0 78.41672312848137,17.84974763514218,0 78.41754067459182,17.85019716253042,0 78.41834978661279,17.85066109658964,0 78.41914783089905,17.85114237333779,0 78.4199363801314,17.85163726956158,0 78.42071426913763,17.85214788061252,0 78.42148274956335,17.85267135932884,0 78.42224956057625,17.85319641498238,0 78.42301663842044,17.85372191200337,0 78.42378359468017,17.85424705861683,0 78.42455087598195,17.8547724032476,0 78.42531817988636,17.85529723621657,0 78.42608505493223,17.85582265021436,0 78.42685249009764,17.85634799039023,0 78.42761915087875,17.8568732811461,0 78.42838618701579,17.85739827595066,0 78.42915342781697,17.85792374435617,0 78.42992089962701,17.85844887005401,0 78.43068764971214,17.85897427946578,0 78.43145479417699,17.85949892383129,0 78.43222321710354,17.86002271941963,0 78.43299794420993,17.86053745853227,0 78.43378014865594,17.8610420288168,0 78.43456912856176,17.86153678179512,0 78.43536507416657,17.86202108549489,0 78.43616757907606,17.86249547674018,0 78.4369767143435,17.86295837341967,0 78.43779211128415,17.86341247845949,0 78.43861354489187,17.863855366238,0 78.43944134235203,17.86428813157074,0 78.44027227143563,17.86471521110498,0 78.4411029917339,17.86514218924567,0 78.44193439452556,17.86557040389698,0 78.4427647142778,17.86599745219957,0 78.44359586678679,17.86642453046493,0 78.44442678602428,17.86685134743229,0 78.44525784138769,17.86727863001899,0 78.44608878808965,17.86770559464319,0 78.44691946782557,17.8681307453803,0 78.4477506844952,17.86855996681996,0 78.44858126642058,17.86898738359288,0 78.44941170394972,17.86941409762659,0 78.45024267418137,17.86984131678767,0 78.45107353426694,17.87026858836626,0 78.45190484850029,17.87069584599793,0 78.4527390844557,17.87111677985307,0 78.45358730262292,17.87151149897924,0 78.45444815978914,17.87187959655354,0 78.45532201810279,17.87221953210298,0 78.45620702328553,17.87253130566826,0 78.45710170453863,17.87281596067327,0 78.45800607397344,17.87306489235095,0 78.45891970573049,17.87329678052377,0 78.45984004244264,17.87349352462617,0 78.46076674823337,17.87366102506531,0 78.46169946345147,17.87379818595212,0 78.46263551760275,17.87390624755515,0 78.46357448659286,17.87398405729746,0 78.46451591399408,17.87403046432503,0 78.46545957714197,17.87404869237734,0 78.46640228900485,17.87403715531548,0 78.4673444430623,17.87399403910338,0 78.46828422529391,17.87392195836388,0 78.46921560463134,17.87379559490843,0 78.47015409620772,17.87368609300682,0 78.47108205570051,17.87352402914664,0 78.47200339525197,17.87333251587139,0 78.47382390484333,17.8728621026838,0 78.47560763284554,17.87227662820199,0 78.47889380440856,17.87091873709121,0 78.50901102542737,17.85939994926764,0 78.53111257885882,17.85104095642653,0 78.55276601045681,17.8451752913147,0 78.5774273434004,17.83748852743954,0 78.62045535577373,17.82128664705804,0 78.68129702172496,17.80196889416541,0 78.69626737484847,17.79640558889195,0 78.7042581999749,17.7937029931705,0 78.70781764949007,17.79247446367051,0 78.7100901943804,17.79185825520329,0 78.71238972397266,17.7913861639551,0 78.71472556367112,17.79108831183491,0 78.71706370943301,17.79085548668113,0 78.72268967261313,17.79028622268201,0 78.73394469011478,17.78917987762713,0 78.73675617539089,17.78889817983167,0 78.73956843351083,17.78861971260406,0 78.74425868111921,17.78815020867627,0 78.7470718544507,17.78787133638654,0 78.74988931360954,17.78757346315773,0 78.7526976907605,17.78729483750348,0 78.75548789057807,17.78686013214176,0 78.75732080508071,17.78643784550018,0 78.75912934134261,17.7859356797815,0 78.76178676232811,17.78499546869313,0 78.76397022867677,17.78405878135138,0 78.76600399461707,17.78298880285448,0 78.76838481143368,17.78153141173409,0 78.77063627376229,17.77987710801315,0 78.77405411894671,17.77677575128743,0 78.77588714509831,17.77468124205459,0 78.77701208982664,17.77325751463239,0 78.7797740859905,17.76960998006278,0 78.78088175625315,17.76814988842293,0 78.78255047444009,17.76594425614023,0 78.78476100966537,17.76302547312634,0 78.78973913956239,17.75645390987545,0 78.79141694318652,17.7542708488337,0 78.79255933935609,17.75282790612408,0 78.79371377706288,17.75140924679132,0 78.79488926829409,17.74999470669299,0 78.79913229038479,17.74515603411729,0 78.80165431717647,17.74244862662534,0 78.80294211694792,17.74114528267608,0 78.80424607702822,17.73983771698153,0 78.80688377946976,17.73724820174004,0 78.80960763979206,17.73472791738195,0 78.81520800517428,17.72990324061913,0 78.81810742292957,17.72758101312401,0 78.81956294383394,17.72645710897756,0 78.82104649302474,17.72532651699901,0 78.82401188588815,17.72310122419197,0 78.82698391721622,17.7208465018239,0 78.83365346813828,17.71585696475698,0 78.83662211580059,17.71364122334017,0 78.83958865139525,17.71141402463485,0 78.84552461500908,17.70694130484745,0 78.84701011307368,17.70582205137258,0 78.84849129390332,17.70471014705195,0 78.84956877037867,17.70388481583268,0 78.85144211780964,17.70248099990146,0 78.85216146095073,17.70189346936612,0 78.85352769827499,17.70064955643775,0 78.85542153051313,17.69858452562362,0 78.85774157405999,17.6957839780438,0 78.86006895794887,17.69294528173057,0 78.86238974023271,17.69008141856694,0 78.86298753275244,17.68937794943594,0 78.86357270779925,17.68866213260195,0 78.86473631904936,17.6872545117644,0 78.86587818362635,17.6858031354446,0 78.86695169452386,17.68434737151723,0 78.86843790882899,17.68194078296861,0 78.86968888312084,17.67966112502584,0 78.87091854840281,17.67705384058977,0 78.87190534646383,17.67457659298843,0 78.87459666041029,17.66497231870266,0 78.87534410353453,17.66239967991128,0 78.87630078539117,17.65890651608842,0 78.87800102282698,17.65277363195239,0 78.87896450383104,17.6493088270792,0 78.87993401009813,17.64581962268538,0 78.88043019822082,17.64403359389079,0 78.88100025127909,17.6423108173909,0 78.88199344590868,17.63970336796052,0 78.88346924900597,17.63651286561808,0 78.88495735670962,17.63318124986501,0 78.88755072022224,17.62734675751055,0 78.89311523383037,17.61491595095094,0 78.89422492747588,17.61243265237878,0 78.89571406180505,17.60906454048895,0 78.89832711222429,17.60318263016761,0 78.8996815265658,17.60020457812361,0 78.90113325190426,17.59731980860095,0 78.90393920944686,17.59145694743126,0 78.90717407515351,17.58372892268503,0 78.91079959990152,17.57611890881684,0 78.91127986087183,17.5732715108142,0 78.91226442138233,17.57071806811174,0 78.91424013725114,17.56560339988977,0 78.91522507029194,17.56310932493137,0 78.91595437577523,17.56143239132378,0 78.91675778203972,17.55980628055623,0 78.91739696054641,17.55857282140363,0 78.9181022542395,17.55740085107201,0 78.91993268030606,17.55426901678356,0 78.92455767862944,17.54642880198208,0 78.93216216685636,17.53495550870883,0 78.93517760440697,17.53037436880465,0 78.93661828105253,17.52800473208469,0 78.9377936437802,17.52548394083651,0 78.93842277707535,17.5238798345519,0 78.93895293746361,17.52211136585723,0 78.93950812680973,17.51948088855808,0 78.94042732341696,17.51321082268449,0 78.94082293154031,17.51044327208016,0 78.94174093087365,17.50416378422518,0 78.94238303960522,17.49974652940819,0 78.94279400954716,17.49750943252637,0 78.94328644949911,17.495327571158,0 78.94404854004597,17.49273992885066,0 78.94465933199392,17.49105409840769,0 78.94533126293751,17.48938234722207,0 78.94605986266561,17.48767336153924,0 78.94937760572861,17.48023352942118,0 78.95049015448383,17.47772314073814,0 78.95194871503553,17.47435308628891,0 78.95273529148125,17.47273332553812,0 78.95363896634501,17.47115423121039,0 78.95560026999452,17.46807758941574,0 78.9570721522139,17.46577176709563,0 78.95905046414323,17.46271862230742,0 78.96151408358091,17.45887661723816,0 78.96299712716043,17.45655280707206,0 78.96493604924929,17.45344089772651,0 78.96583300749759,17.45184981059682,0 78.96663506854765,17.45022433767718,0 78.96833402788127,17.44700776321534,0 78.96999692952257,17.44373941154484,0 78.97165572563507,17.44049622116657,0 78.97207770255542,17.43967790474402,0 78.9730367473834,17.43809151879602,0 78.97412834753081,17.4366605990641,0 78.97530554846301,17.43528545502901,0 78.97648369623413,17.43385836131061,0 78.9775773423747,17.43238872683376,0 78.97896495076806,17.43002887300284,0 78.98007141244487,17.42753533543676,0 78.98062600565582,17.42581185889298,0 78.98088637077321,17.42484577346359,0 78.98123577006898,17.42311730169229,0 78.98143192826217,17.42138198689929,0 78.98169755579218,17.41868598212892,0 78.98204630077244,17.4150773963475,0 78.98219673259696,17.41238222588629,0 78.98216954713661,17.41056356985876,0 78.98203574208371,17.40876677923707,0 78.98180953900291,17.40692678568874,0 78.9812457147562,17.40428495500964,0 78.97986253198178,17.39905509003114,0 78.97731161867027,17.38940949490083,0 78.97638238481083,17.38590857849125,0 78.97521764892164,17.38153351985596,0 78.97312627686486,17.37368143275093,0 78.97219715100626,17.37015551317997,0 78.97103453896814,17.36578648251377,0 78.97049603029551,17.36405580301405,0 78.9698145275928,17.36237452343229,0 78.96900386916359,17.3606593434686,0 78.96806014286074,17.35913506746788,0 78.967542886638,17.35845173994116,0 78.96699579878697,17.35770179653778,0 78.96642955929609,17.35699025762603,0 78.96581371849113,17.35630577848146,0 78.96385988821227,17.35435990383095,0 78.96182655714159,17.35246745156766,0 78.95979505535431,17.35059102745685,0 78.95776473188353,17.34870113452337,0 78.95573985092527,17.34682172868484,0 78.95168468424056,17.34304368479734,0 78.94911659001596,17.34038824623358,0 78.94676366420896,17.33758344886536,0 78.94517755134912,17.3353493753741,0 78.94327615076772,17.33223040519875,0 78.94204743927305,17.32979525027054,0 78.94091421592756,17.32722416176854,0 78.93792536354817,17.32064977170547,0 78.93528635917582,17.31487069888355,0 78.93341579801606,17.31069399684293,0 78.93122623085927,17.30569408482348,0 78.92961504857549,17.30148381511722,0 78.92767446685569,17.2963924050623,0 78.927028588667,17.29471887938145,0 78.92606941060549,17.29212855087769,0 78.92511308765515,17.28960458427494,0 78.9242815390147,17.28703683847368,0 78.92262932101615,17.28183723561383,0 78.92181560501118,17.27925165990068,0 78.92119330102823,17.27751950835689,0 78.92083398736814,17.27671533743029,0 78.91976060680615,17.27417916013152,0 78.91868982082305,17.27170114706546,0 78.91726484507537,17.2683541207202,0 78.91638885806388,17.26576982927403,0 78.91597183004848,17.26398636591581,0 78.91580053550345,17.26299502177462,0 78.91558211793989,17.26033886413051,0 78.91553928967105,17.25795172540281,0 78.91551215780161,17.25580582302905,0 78.91514223065438,17.25320204547353,0 78.91424123579669,17.24963296667405,0 78.9135097651023,17.24695631479444,0 78.9127042097732,17.24184073498656,0 78.91079778962668,17.2347262754258,0 78.91029336794378,17.23249623936908,0 78.9099073387694,17.23027363079533,0 78.90973031622416,17.22894775325157,0 78.90967999544065,17.2275778640624,0 78.9096200196503,17.22396493707285,0 78.9095382836955,17.21937010395174,0 78.90944796928454,17.21761375875591,0 78.90921415008211,17.21586435690875,0 78.90856038780196,17.21230982522795,0 78.90791413502363,17.20872792039403,0 78.90731158755187,17.20517520431297,0 78.90708780495333,17.20246120776192,0 78.90709147639015,17.20065918758635,0 78.90718934580083,17.19886332851692,0 78.90739968658691,17.19707323504786,0 78.90770986802457,17.19529252819817,0 78.9081319335848,17.19347683200052,0 78.90891622536283,17.1908816360696,0 78.91365130597472,17.17527748238672,0 78.91763373189028,17.16230514388216,0 78.91897097302915,17.15794771950035,0 78.92012225413107,17.15358426768606,0 78.9209973374483,17.14912367489774,0 78.92158027309704,17.14467193635714,0 78.92190718559711,17.13925059490457,0 78.92183636774273,17.13476523417533,0 78.92157554183451,17.13025976318292,0 78.92138124187355,17.12658784135124,0 78.92115068333717,17.12302168999903,0 78.92089384405544,17.11843663122261,0 78.92067613426514,17.11490704540674,0 78.9204156942732,17.11038204909552,0 78.92021971934874,17.1068000076576,0 78.92022887722277,17.10498649272866,0 78.92033835666768,17.10319050607258,0 78.92056181902407,17.10138996875236,0 78.9208844914935,17.09962856087953,0 78.92119378665261,17.09827577611811,0 78.92157379603933,17.09698900438264,0 78.92200290416397,17.09569060357466,0 78.9224946222031,17.09442056537291,0 78.92392077428735,17.09109038452271,0 78.92570522219839,17.08690584707267,0 78.92749450508211,17.08272711603531,0 78.92834115187316,17.08060723190237,0 78.9290090719138,17.07846432998842,0 78.92960651658031,17.07580968196362,0 78.92998343629303,17.07312138096375,0 78.93078700609853,17.06594806243137,0 78.93128684641994,17.06145373180623,0 78.93168938122236,17.05786837806972,0 78.93197372629612,17.05562048269794,0 78.93235206639098,17.05339242907123,0 78.93324287394374,17.04895199402167,0 78.93414508612651,17.04452360576838,0 78.93504073417942,17.04009624321403,0 78.93684409177123,17.03122773305578,0 78.93720277935188,17.02946167919673,0 78.93755623906388,17.02767735636457,0 78.93792559559817,17.02590097870316,0 78.93864758548567,17.02235343387888,0 78.93918454456113,17.01963121464957,0 78.93961963287049,17.01702490276185,0 78.93974358755911,17.01519544891648,0 78.93976152056828,17.01341413499758,0 78.93972113436934,17.0125084236723,0 78.9395439163392,17.01071177800288,0 78.93923810629221,17.00892440853249,0 78.93881719491299,17.00716258704146,0 78.93827186985186,17.00543503036981,0 78.93760731079094,17.00374220543195,0 78.93639218943625,17.00129826567496,0 78.93543955473748,16.99974311039005,0 78.93439585795062,16.99824737506992,0 78.93119656798251,16.99378458515109,0 78.92958205349403,16.99156816110543,0 78.92797762173379,16.98934093053419,0 78.92476615402137,16.98488686257468,0 78.92262589329634,16.98191195271366,0 78.92048738182496,16.97893657345146,0 78.91620425375014,16.97299693915354,0 78.91354082444902,16.96929954647957,0 78.91032656054722,16.9648370920933,0 78.90444078618584,16.95666059863608,0 78.89626525538051,16.94564960456208,0 78.89434912923959,16.9436505150594,0 78.8915754298533,16.94121797357189,0 78.8900971035537,16.94010561674187,0 78.88855824695676,16.9390799146917,0 78.88533770342057,16.93722309985139,0 78.88194621536202,16.93568730877959,0 78.87677927969546,16.93351448652311,0 78.87333932098862,16.93207782851466,0 78.86903482606512,16.9302775772403,0 78.86561222526106,16.9288016634518,0 78.86166953226584,16.92667650027155,0 78.85844777763317,16.92451762631727,0 78.8548969342272,16.92156196031416,0 78.8535753634081,16.92028685196611,0 78.85231523498041,16.91891967996553,0 78.84990073945944,16.9161638581254,0 78.84688874155762,16.91268075790504,0 78.84431462998216,16.91009383952348,0 78.84289205668435,16.90891140254428,0 78.84139460480881,16.90782128511904,0 78.8398218739451,16.90683985351842,0 78.83818635146899,16.90594830045963,0 78.83691618349739,16.90534799956467,0 78.83562926552484,16.90481371238342,0 78.83218746752162,16.90337925502232,0 78.82960426680569,16.90230161099365,0 78.82449174011794,16.90004101948922,0 78.82209550341609,16.89861968740626,0 78.8202620673496,16.89722535476066,0 78.81698842735246,16.89464505721877,0 78.81483629543963,16.89288928790027,0 78.81200711691336,16.89047793316815,0 78.79887528540733,16.88020393507581,0 78.78644565642628,16.87207439280132,0 78.77278277329106,16.8645599430126,0 78.74808551538564,16.85321074631594,0 78.74639967564637,16.85242806089452,0 78.74471261136846,16.85164670925228,0 78.74302566498507,16.85085607339814,0 78.74133680861709,16.85006574763239,0 78.73964341846508,16.84929196191025,0 78.73793243302045,16.84854868006346,0 78.73620701285023,16.84784111558606,0 78.73446887771459,16.84716390481078,0 78.73271428992227,16.84652107812042,0 78.73094983962751,16.84591025730297,0 78.72917032291937,16.84533708050682,0 78.72738046680819,16.84479580098771,0 78.72557975037088,16.84429070622124,0 78.72376826894943,16.84381923526359,0 78.72194871069213,16.84338106958779,0 78.72011794316812,16.84298229808884,0 78.71828787222613,16.84258896214857,0 78.71645242819434,16.84220879360781,0 78.71461974558052,16.8418229713588,0 78.71278814278479,16.84143723152413,0 78.71095506378195,16.84105059188937,0 78.70912233921041,16.84066552104434,0 78.70728875648001,16.84027459206103,0 78.70545714306076,16.83989167635342,0 78.7036258521193,16.83950384317967,0 78.70179267873837,16.83911974153033,0 78.69995962234768,16.83873286009574,0 78.69812790632402,16.83834529953203,0 78.69629515040315,16.83795882642047,0 78.69446263786715,16.83756952975492,0 78.69263105513423,16.83718397188962,0 78.69079809833836,16.83679775959419,0 78.68896634619746,16.83641225197424,0 78.68713177159714,16.83602428343626,0 78.68530003939431,16.83564088208889,0 78.68346196650315,16.83524181837352,0 78.68163050329346,16.83485742086411,0 78.67980331846586,16.83446839553137,0 78.67797070529478,16.83408488018408,0 78.67613542695587,16.83367648183436,0 78.67430592538199,16.83331520206229,0 78.67247378370664,16.83291514633879,0 78.67064850118419,16.83253583565519,0 78.66881005560505,16.83215461276497,0 78.66697654943555,16.8317708127461,0 78.66514567618592,16.83138383212114,0 78.66331269237536,16.83097708227602,0 78.66147489379726,16.83060563613806,0 78.65963690582802,16.83027939528698,0 78.6577885579123,16.82996114603133,0 78.65594155737547,16.82965902207694,0 78.65500349666341,16.82949881303972,0 78.65434265015541,16.82931671622394,0 78.65408403685798,16.82939911159496,0 78.65315416422781,16.82926898335984,0 78.65222692851881,16.8291451492451,0 78.65036758392061,16.82891540234212,0 78.64943185448233,16.82882410402252,0 78.64756755435803,16.82863525344974,0 78.64662883965647,16.82853974048405,0 78.64569651887091,16.82846126758991,0 78.6447624899054,16.82839018412529,0 78.64290036693494,16.82821850011094,0 78.64146073880639,16.8282357528357,0 78.64102491202539,16.82815658325329,0 78.64008314209126,16.82811165634548,0 78.63914742511251,16.82806650408827,0 78.63820813505282,16.82803840425905,0 78.6372755922049,16.82801977040994,0 78.63633674997969,16.82799439390099,0 78.63539537667367,16.82798055491525,0 78.63445536727188,16.82798321558882,0 78.6335232923964,16.82797827776363,0 78.6325811208537,16.82797977850112,0 78.63165150999897,16.82798119080566,0 78.63070867912431,16.82799519368412,0 78.62976971378599,16.82801756200923,0 78.62883727974416,16.82804921087513,0 78.62790219957279,16.82808513380816,0 78.62695610599124,16.82812238210964,0 78.62602123921066,16.82817105255972,0 78.62509218072888,16.82822401784879,0 78.62415789799081,16.82828478066644,0 78.62227719603591,16.82842401289925,0 78.62041354407825,16.82851743526778,0 78.61853955765245,16.82873967984241,0 78.617603599155,16.82880985235515,0 78.61666599448441,16.82886752784293,0 78.61480898473907,16.82900607876504,0 78.61295020687838,16.829148857257,0 78.61107019921883,16.82930424686348,0 78.60920731817262,16.82944357831402,0 78.60731832841579,16.82962186325049,0 78.60545568331561,16.82975621322964,0 78.60357565254155,16.82991324512997,0 78.60173433432843,16.83011108488224,0 78.59985339927084,16.83026224217687,0 78.59798304817443,16.83041909908477,0 78.59613316118451,16.83053402236335,0 78.59426310134128,16.8306566172953,0 78.59238226242159,16.8305980122014,0 78.59049635943242,16.83048280711476,0 78.5886326737061,16.8302754493627,0 78.5867740128831,16.830058997015,0 78.5849161575677,16.82982175852755,0 78.58303688753773,16.82959653896382,0 78.58117370262242,16.82936787588291,0 78.57932886500552,16.82914490746933,0 78.57746831488416,16.82889939003696,0 78.57560151942484,16.82867813058326,0 78.57373982067855,16.82844389294313,0 78.57187968259973,16.82818242393119,0 78.57004036203392,16.82794717505978,0 78.56815334626485,16.82772385974644,0 78.56629337357511,16.82746850440964,0 78.56446038726979,16.82726053403271,0 78.56257373075682,16.82703150908554,0 78.56072700861544,16.82682458159694,0 78.5588604780624,16.82658517327413,0 78.55700106739947,16.82636877027834,0 78.55420388802544,16.82604325721659,0 78.55233538889554,16.82581234021461,0 78.55049240396851,16.82559511495799,0 78.54860706557035,16.82535061172959,0 78.54678131517926,16.82515249852511,0 78.54489447067758,16.82490981191232,0 78.54304243363404,16.82470107916325,0 78.54104352537061,16.824443733144,0 78.53931184263743,16.82426982384426,0 78.53838241209688,16.82416108848511,0 78.53744646498329,16.82403077335485,0 78.535608156995,16.82383724746921,0 78.53465957096323,16.82376172041602,0 78.53372252349872,16.82368832687885,0 78.53183599193484,16.82362239561817,0 
								</coordinates>
							</LineString>
						</Placemark>
						<Placemark id="5A59A433E1000007">
							<name>ORR</name>
							<LookAt>
								<longitude>78.52966926384454</longitude>
								<latitude>17.21184052675218</latitude>
								<altitude>596.6938894800551</altitude>
								<heading>0</heading>
								<tilt>0</tilt>
								<gx:fovy>35</gx:fovy>
								<range>1171.69940548396</range>
								<altitudeMode>absolute</altitudeMode>
							</LookAt>
							<styleUrl>#__managed_style_30913C01EB3DDD5CDF44</styleUrl>
							<LineString>
								<coordinates>
									78.52827618356739,17.21222149984556,0 78.51211792744945,17.20869986236364,0 78.49619425802582,17.20529243062017,0 78.48555015026467,17.20368709511327,0 78.46794479093357,17.20395638527355,0 78.45531238021043,17.20396943878291,0 78.43868891398841,17.20369155928488,0 78.42184655864175,17.20332446588582,0 78.4067651621139,17.20317690729915,0 78.39488142716516,17.20378441787325,0 78.39227092467367,17.20444352785597,0 78.39017434861825,17.20560557684249,0 78.38726793549128,17.20899876331214,0 78.38501258285774,17.2126722376263,0 78.38211041674681,17.21856982461108,0 78.38184456969837,17.23049189633988,0 78.38185326139474,17.23961896894382,0 78.38089051949238,17.24386818025046,0 78.37720108174773,17.25218215873728,0 78.37570431569175,17.25561770350813,0 78.37538951798064,17.25802589241957,0 78.3756023280547,17.26045192730887,0 78.38173873958333,17.27454605619128,0 78.38313480575972,17.28029280079439,0 78.38292547953199,17.28547275044078,0 78.37747983427145,17.30777460641522,0 78.37655188967013,17.31310301750924,0 78.37593243122998,17.31961086433903,0 78.37550089648433,17.3228467828107,0 78.35968579580124,17.35057402848793,0 78.35350793473874,17.36177900332596,0 78.35094653574913,17.36800290650355,0 78.34908322733075,17.37238965349038,0 78.34897880195805,17.37607827991899,0 78.35074321237127,17.38457236532427,0 78.35209451002088,17.39122514254506,0 78.35134503075903,17.39497143948687,0 78.34945368338249,17.39756793920434,0 78.34425789426291,17.40043323527878,0 78.33350979949239,17.40550170351187,0 78.32620941090913,17.40899978252047,0 78.31812052072259,17.4112520620902,0 78.30935603618566,17.41217321065399,0 78.30143323667653,17.4128322533246,0 78.29663508198077,17.41280707271279,0 78.29177565882456,17.41318700694835,0 78.28242670293494,17.41633312638512,0 78.26921508248608,17.4212034900016,0 78.26694686351964,17.42310875726959,0 78.26528213662716,17.42531603289886,0 78.26229057975335,17.43351866665126,0 78.25676089883606,17.44541911041232,0 78.2537238297385,17.45206661048046,0 78.25068653908235,17.45871406448689,0 78.24888025707658,17.4673296044418,0 78.24340954646945,17.50225757514008,0 78.24133723946406,17.51006683377429,0 78.23863969344686,17.51782575710188,0 78.23653583265347,17.52306127874101,0 78.23469295896686,17.52836019782187,0 78.23456726373595,17.53120534022916,0 78.23508882854964,17.53411144448408,0 78.23655631783399,17.53741971575145,0 78.23801201455501,17.53933078100749,0 78.24047202540193,17.54119391951508,0 78.24269039388896,17.54261323982705,0 78.25178397627384,17.54479149360832,0 78.2607021170309,17.54657173331479,0 78.26522796656327,17.54743026542551,0 78.26906123826649,17.54810863891095,0 78.27885728479302,17.55040905942409,0 78.28928763368491,17.55170754869813,0 78.29936595909817,17.55273419327451,0 78.3047783353681,17.55549201004069,0 78.30740538251841,17.55696206115681,0 78.31018109105631,17.55807407696417,0 78.32122689952787,17.55725014496221,0 78.32847986517132,17.55978063509968,0 78.33197229172173,17.56119669532264,0 78.33558991841275,17.56195304903188,0 78.35466869816263,17.56188423740383,0 78.37622606591967,17.56117708589213,0 78.38034190228598,17.56460136572419,0 78.38332258503456,17.56991702782912,0 78.38546349839089,17.57383233875841,0 78.38843448258983,17.57727682793735,0 78.3963990119359,17.58425882557242,0 78.40524798631054,17.59101793531377,0 78.41094771423212,17.59438123421601,0 78.41865632836274,17.59754850728705,0 78.43475255198824,17.60465150491469,0 78.43924603478773,17.60662556510838,0 78.44364333687693,17.60790949361188,0 78.44711089076037,17.60791174494386,0 78.45069120928015,17.60739630944356,0 78.45763283230562,17.60626585575025,0 78.47235631536299,17.60407312809646,0 78.49652849597696,17.59822627319913,0 78.5016093888338,17.59602327378949,0 78.50658825001993,17.59401897549937,0 78.52530636897062,17.59155153415283,0 78.54415641403385,17.58856421672207,0 78.56119288652813,17.58164673906535,0 78.56814040666022,17.57884402411693,0 78.57302400745806,17.57772311068507,0 78.57833606503317,17.57815183472686,0 78.58330769043606,17.57867012208191,0 78.58864625818589,17.57915171099021,0 78.59128952840179,17.57920008592736,0 78.59367924337627,17.57899823105086,0 78.59964160928011,17.57671711002768,0 78.60538553240539,17.57434298727736,0 78.61130401109359,17.57198340421375,0 78.61720930540875,17.56934140014325,0 78.61909353507237,17.5684196924683,0 78.62082436523366,17.56730365954222,0 78.62245780784194,17.56590754865004,0 78.62401380884758,17.56429309427511,0 78.62630522029501,17.56085024972382,0 78.62779103960413,17.5562874283597,0 78.6299910454822,17.54789728422907,0 78.63148962066377,17.54218289955131,0 78.63317523878763,17.53657436247263,0 78.63471342765885,17.53359931677408,0 78.63665005656947,17.53070379555579,0 78.6409985585117,17.52527950585289,0 78.6454054114994,17.51930840517294,0 78.64736573165217,17.51583700738721,0 78.6493979570857,17.51222112633559,0 78.65062554786277,17.51053964057557,0 78.65200389264552,17.50883643331482,0 78.65362757082725,17.50672382590888,0 78.65495774738289,17.50508828122422,0 78.65608436441764,17.50328320239483,0 78.65695944021292,17.50155416971436,0 78.66041900983848,17.49522567963609,0 78.66228000306799,17.49207180884793,0 78.66376647279733,17.48925826068555,0 78.66530311963947,17.48645456640384,0 78.66663758776929,17.48339507036551,0 78.66920825346047,17.47669691328016,0 78.67024693527668,17.47170804447538,0 78.6707863007517,17.46677614182015,0 78.67029307879626,17.46174798350575,0 78.66939409076753,17.45680032402605,0 78.66829061090959,17.45163452816594,0 78.66795045680618,17.44896829534571,0 78.66780050361943,17.44658452468623,0 78.66815076424677,17.44454914837136,0 78.66878031807038,17.4426412001535,0 78.6706072694566,17.43927719433405,0 78.67324816206262,17.43550005991713,0 78.67547857457514,17.43126451714708,0 78.67686968872597,17.42698801687957,0 78.67986900378799,17.41559546386706,0 78.68415460362687,17.39943523374434,0 78.6849650309448,17.39147943878534,0 78.68251805622673,17.37667887008038,0 78.68121324488293,17.36924178632576,0 78.67977097823679,17.36573462710241,0 78.67362716235354,17.35778406940945,0 78.66005718142456,17.34025854084229,0 78.65865807412654,17.33620915574024,0 78.65849170751557,17.31949851244413,0 78.65596705512561,17.30810743467765,0 78.6534311390128,17.29636872147908,0 78.65195504211084,17.29017709503485,0 78.65104473577482,17.2856853785382,0 78.64935953833447,17.2824063777062,0 78.63518093049684,17.26911836557525,0 78.62720392875976,17.26351515742249,0 78.61635397806577,17.25398920624784,0 78.60499350176082,17.2471829133242,0 78.59321831270226,17.24028532394403,0 78.57789618968253,17.23155118089579,0 78.5692571059397,17.22701433696524,0 78.56130276996872,17.22319451306486,0 78.55309635030449,17.21939746205482,0 78.54440996243881,17.21595182926668,0 78.53613741398617,17.21399322350461,0 78.52827637045309,17.21222162165796,0 
								</coordinates>
							</LineString>
						</Placemark>
					</Folder>
					<Placemark>
						<name>Srisailam Highway</name>
						<styleUrl>#msn_ylw-pushpin9</styleUrl>
						<LineString>
							<tessellate>1</tessellate>
							<coordinates>
								78.53200500284478,16.82390789207847,0 78.53156826467288,16.82992141568538,0 78.53245687877306,16.83320109660609,0 78.53338339977688,16.83593294569133,0 78.5322862591257,16.83918593069342,0 78.53011971742248,16.84419512928304,0 78.5300410396208,16.84525913934457,0 78.53038212683633,16.84952284328392,0 78.53084849111703,16.85436082693593,0 78.52836253504921,16.85981829360669,0 78.5288383905398,16.86408205561854,0 78.52935312219493,16.869372309016,0 78.52923086662361,16.87718705594871,0 78.52919090915881,16.8866297806194,0 78.53014722968676,16.89246939090831,0 78.52984569023789,16.89444629781144,0 78.53009726177049,16.89681228558051,0 78.53075231273115,16.90017467852586,0 78.53100921330832,16.90152134532737,0 78.52823579650389,16.90954871537862,0 78.5271695550862,16.91281773777891,0 78.52712921886837,16.91496342251584,0 78.52729613768889,16.92412799537475,0 78.52730589725344,16.92552990110122,0 78.52827663497926,16.93196476116897,0 78.52879069064124,16.93553544018513,0 78.52882285287669,16.93585776833741,0 78.52877213838961,16.93628634876427,0 78.52867185824383,16.93668108401905,0 78.52827091681156,16.93756445116605,0 78.52688658520501,16.94022393585952,0 78.52532242650096,16.943351392136,0 78.52462072854328,16.94480778588293,0 78.52407612474028,16.94688151141942,0 78.5234351006186,16.94938822666567,0 78.5230318154594,16.95001882873806,0 78.52236766366882,16.95066971716796,0 78.51590104919055,16.95538514078896,0 78.5139710933649,16.95695416387228,0 78.51394327627634,16.95703713086932,0 78.5135701982305,16.95770543677232,0 78.51050822956692,16.96434881282186,0 78.50441419794025,16.97779720583144,0 78.50175464483449,16.98400568335908,0 78.50165400919639,16.9843672808146,0 78.50162265069467,16.98472703716302,0 78.50192915739613,16.98661611387754,0 78.5030002828555,16.99184813614706,0 78.50319342284624,16.99275649129606,0 78.50322508161074,16.99308644007763,0 78.50320210504354,16.99347429148994,0 78.50318394523975,16.99374913070754,0 78.50287945840823,16.99473850853502,0 78.50126358299526,16.99974010719531,0 78.49918930844673,17.00633264418164,0 78.49803970555656,17.00988839350731,0 78.49623827007224,17.0154163158085,0 78.49437179803128,17.02133814237204,0 78.49386761077602,17.02260086444338,0 78.4936350233957,17.02302756004117,0 78.4933559669138,17.02342662612522,0 78.49133542820091,17.02638796178507,0 78.48692659398763,17.03306195494081,0 78.48062257292233,17.04263362538163,0 78.47529567109015,17.05066250379298,0 78.47371274697547,17.05299553379072,0 78.4734111915571,17.0536610362271,0 78.47334651402248,17.05408014110543,0 78.47334603300959,17.05764469773841,0 78.47371619688089,17.06772429017107,0 78.47416228655291,17.07777267251266,0 78.47460411832184,17.08832879934613,0 78.47467448355762,17.09002680721135,0 78.47463546687196,17.09052647488301,0 78.47410501682683,17.09686392252259,0 78.47401350824514,17.09878545157267,0 78.47403366456651,17.09926402823858,0 78.47485317544546,17.10498488858536,0 78.47596653325337,17.11253308532255,0 78.47635293131493,17.11703582998347,0 78.47693357072289,17.12378928767125,0 78.47783441910698,17.13237692340346,0 78.47904311095722,17.14482631872999,0 78.48013589813799,17.15563369883486,0 78.48010046299127,17.15596512338429,0 78.48003424736663,17.15624800646759,0 78.479943810458,17.15662453980491,0 78.47979736097837,17.15695511457337,0 78.47624467666105,17.16592113132102,0 78.47418658230322,17.1712320149289,0 78.47410827590362,17.17168669275119,0 78.47405987154603,17.17202724288923,0 78.47400152462606,17.17242430855973,0 78.47360775676026,17.17745864587296,0 78.47362575232843,17.17777644411724,0 78.47363993830471,17.17806228691693,0 78.47480970435726,17.1897317445705,0 78.47552640433692,17.19671737508909,0 78.47611583742191,17.20297779103476,0 78.47610379305152,17.20342438169049,0 
							</coordinates>
						</LineString>
					</Placemark>
				</Folder>
				<Folder>
					<name>Roads to Our Projects</name>
					<open>1</open>
					<Placemark>
						<name>Srisailam Highway - Saraswathiguda - Agarmiyaguda - Adavith</name>
						<styleUrl>#msn_ylw-pushpin31</styleUrl>
						<LineString>
							<tessellate>1</tessellate>
							<coordinates>
								78.47459844659004,17.18542210892148,0 78.47522708788516,17.18515274831644,0 78.47644053623743,17.18425997074621,0 78.47778709765558,17.18480956081718,0 78.47901311669457,17.18492175754498,0 78.47990177998807,17.18468045738112,0 78.48092542141927,17.18425035150111,0 78.48218932665567,17.18348596771299,0 78.4847299376777,17.182053676922,0 78.48823350343133,17.17974026115985,0 78.48916391576326,17.17915779826621,0 78.49161926193997,17.1781450022155,0 78.49286237524561,17.17769466159681,0 78.4946689752763,17.17645984325185,0 78.49568738853422,17.17578943055882,0 78.49644076124282,17.17545283042574,0 78.49735195438016,17.17517253075335,0 78.49753595402991,17.17499990848492,0 78.49765973346771,17.17406363425543,0 78.49778668178531,17.17361357593285,0 78.49820108372799,17.17290373321435,0 78.4983647530679,17.17244323370791,0 78.49837489349824,17.1716850847229,0 78.49913984216384,17.17033798310423,0 78.49969147596379,17.16964692503004,0 78.50005491379348,17.16891040495009,0 78.50030087069106,17.16853071256638,0 78.50068661227587,17.16795256182214,0 78.50089892798796,17.16770207017485,0 78.50099661716025,17.16743461588152,0 78.50147032097532,17.16556529108712,0 78.50159627960788,17.16520073836251,0 78.50175199617058,17.16508024520518,0 78.50191188480451,17.165059603641,0 78.50217400789923,17.16475686853614,0 78.50303963895016,17.16325040429103,0 78.50347015753756,17.16205343018785,0 78.50390039654594,17.16113408645557,0 78.50609578320031,17.15795629657292,0 78.50697800090177,17.15663378668546,0 78.50749630680163,17.15585741096131,0 78.50799757288441,17.15503464092255,0 78.50888496167283,17.1540481958479,0 78.50999010069593,17.15273337333075,0 78.51096525957246,17.15158236872485,0 78.51299087612799,17.15020798106671,0 78.51502949936186,17.14890438187136,0 78.51692325123867,17.14768093388502,0 78.51703759451516,17.14759608732324,0 78.51713329983096,17.14765867044247,0 78.51720871614388,17.14772174491731,0 78.51732354457,17.14774933439869,0 78.5183373303894,17.1477210261969,0 78.51905209957476,17.14771707351451,0 78.51947991382441,17.14775104505731,0 78.52016118769069,17.14776063079008,0 78.5204273434794,17.14772428045561,0 78.52113673494516,17.14761975235115,0 78.52193456654378,17.14760167857965,0 78.52236482548311,17.14758810153963,0 78.52267832226552,17.14754395633926,0 78.52374416215414,17.14713081255793,0 78.52439334258986,17.14686796986777,0 78.52517911360158,17.14658346643361,0 78.5254946499163,17.14648032219874,0 78.5256725490966,17.14649512076132,0 78.52591419171341,17.14655609799616,0 78.5260882906264,17.14665021494643,0 78.52620491560032,17.14667114265291,0 78.52635467137746,17.14666502344841,0 78.52655751024382,17.14662460739823,0 78.52672511193465,17.14658666068602,0 78.52681763829801,17.14658732092048,0 78.52688447233135,17.14662987957806,0 78.52699067346053,17.14671012585423,0 78.5270777525007,17.14680102585904,0 78.52717243539398,17.1468578400491,0 78.52730874649407,17.14691040229365,0 78.52737762868188,17.14693573426142,0 78.52743913536474,17.14693652710987,0 78.52750617243385,17.14689144028123,0 78.52762716976903,17.14680093805851,0 78.52779464137082,17.14656771652339,0 78.52791543061062,17.14634960616237,0 78.52809249763827,17.14599849843846,0 78.52817340789203,17.14584142695825,0 78.52823317477427,17.145785031494,0 78.52831528902826,17.14574378028218,0 78.52846597549437,17.14570553796201,0 78.52875992499197,17.14558689200244,0 78.52921352188091,17.14528122691646,0 78.52942428952218,17.14501226299364,0 78.52991313128615,17.14466026088182,0 78.53008666723329,17.14456744559572,0 78.53020291731896,17.14447981576069,0 78.53021924530759,17.14440559601432,0 78.530133294845,17.14406627225334,0 78.53001312343777,17.14381824113671,0 78.52973249588786,17.14330499863732,0 78.5295534233765,17.14297412875133,0 78.52935294905821,17.14275837511253,0 78.52924444061644,17.142378256357,0 78.52903540508845,17.14152631546681,0 78.52891568421903,17.14082520116735,0 78.5289356523831,17.14073662672859,0 78.52902081810012,17.14069094768669,0 78.5291070383463,17.14069809445682,0 78.53000469810181,17.14066600739716,0 78.53037844509323,17.14064829888231,0 78.53063486992974,17.14058862239161,0 78.53077470648158,17.14054172573812,0 78.53086242379298,17.14043878557777,0 78.53091284682358,17.14035299202582,0 78.5308053607335,17.13969725917685,0 78.53080124355962,17.13948909274453,0 78.53086113919393,17.13937327367161,0 78.5309692676818,17.13933199581787,0 78.53110295450352,17.13930235947953,0 78.53133188440668,17.13916063651107,0 78.5314140522859,17.13909713338107,0 78.53142124667667,17.13909363966244,0 78.53146550197495,17.1390943647213,0 78.53152605742777,17.13911750307567,0 78.53226501726388,17.13931798842744,0 78.53319751155729,17.13956711388084,0 78.53334433021378,17.13960491828242,0 78.53346281444588,17.13958916907843,0 78.53389596293266,17.13946860078423,0 78.53450218312872,17.1392852514154,0 78.53492729107072,17.13916874114879,0 78.53556142977128,17.13897686356665,0 78.53597163509005,17.13886682926988,0 78.53641610027094,17.1386446577728,0 78.53697378657483,17.13842422570852,0 78.53749675898361,17.13825943727115,0 
							</coordinates>
						</LineString>
					</Placemark>
					<Placemark>
						<name>Srisailam Highway - Rachaloor gate - Lemoor - Advaith</name>
						<styleUrl>#msn_ylw-pushpin31</styleUrl>
						<LineString>
							<tessellate>1</tessellate>
							<coordinates>
								78.47725118138936,17.12455842735186,0 78.48429185181865,17.12343715743394,0 78.4843464010964,17.12346586696212,0 78.49069922573081,17.12216532853525,0 78.49322413620125,17.12177745939731,0 78.49704076531486,17.12055405613869,0 78.50501358527976,17.11849503138097,0 78.50562913768205,17.11893414906835,0 78.50700703521608,17.12042552376134,0 78.50826563744374,17.12228494997883,0 78.50851746525474,17.12284987261317,0 78.51035895425541,17.12710740937283,0 78.5109270454856,17.12886051518645,0 78.51147574048528,17.12990621591005,0 78.51195687232175,17.13120109592134,0 78.51213317409587,17.13237782000726,0 78.51318246552684,17.13500323049803,0 78.51474113473056,17.13744784601239,0 78.51534933779004,17.1382819834179,0 78.51553719545046,17.13832720035278,0 78.51699512445549,17.13815428125126,0 78.51820523265857,17.13819787365036,0 78.51895057823842,17.13819525745816,0 78.5194494259587,17.13814588367499,0 78.51995731289027,17.13773871943754,0 78.5206986435344,17.13722228346575,0 78.52118499948395,17.13708336475165,0 78.52259755836666,17.13620275855115,0 78.52422510226698,17.13598008706821,0 78.52607878765077,17.13591872327646,0 78.52781754579009,17.13563196567315,0 78.52853448266156,17.13553851515655,0 78.52941824717961,17.13585058897402,0 78.53014737589837,17.13651053821969,0 78.53072519984066,17.13768849910476,0 78.53096959933556,17.13833538134151,0 78.53137516473618,17.13901841590441,0 78.53332594911544,17.13966529843573,0 78.53607451739376,17.13885415603566,0 78.53745740521471,17.13829608679272,0 
							</coordinates>
						</LineString>
					</Placemark>
					<Placemark id="64A1D0DC933E2B748A80">
						<name>KINGSMARQUE TO SRISAILAM HIGHWAY</name>
						<snippet></snippet>
						<LookAt>
							<longitude>78.47732408386264</longitude>
							<latitude>17.19187339036992</latitude>
							<altitude>617.7983728052312</altitude>
							<heading>0</heading>
							<tilt>0</tilt>
							<gx:fovy>34.99999964788751</gx:fovy>
							<range>661.6480085458171</range>
							<altitudeMode>absolute</altitudeMode>
						</LookAt>
						<styleUrl>#msn_icon?color=1976d2&amp;id=2000&amp;scale=4</styleUrl>
						<LineString>
							<coordinates>
								78.47788422555564,17.19121652728884,0 78.47717863922206,17.19115881205048,0 78.47512250984472,17.19171234363465,0 
							</coordinates>
						</LineString>
					</Placemark>
					<Placemark>
						<name>Srisailam Highway - Konapur - Greenfield Road</name>
						<styleUrl>#msn_ylw-pushpin14</styleUrl>
						<LineString>
							<tessellate>1</tessellate>
							<coordinates>
								78.53110761740254,16.90168999195579,0 78.53263193475166,16.9014529801047,0 78.53388441059838,16.90149909372083,0 78.53431378335618,16.90148620270944,0 78.53591285182908,16.9014397159476,0 78.53703972726704,16.90137480904355,0 78.53742850104867,16.90140598753021,0 78.54025818268308,16.90232485738935,0 78.54218729526691,16.90242608994591,0 78.54843158919226,16.90282328234139,0 78.55001248691624,16.90291996704604,0 78.55023015627791,16.90279334287622,0 78.55034504765294,16.90259219313011,0 78.55062558577767,16.90246207021319,0 78.55140529641234,16.90220339931493,0 78.55295755513546,16.90163853075381,0 78.55463274580983,16.90114114455277,0 78.55583504426845,16.90074027660426,0 78.55869664569602,16.89981541581895,0 78.55905112078935,16.89969179246458,0 78.56023813628516,16.89910998750476,0 78.56140046924311,16.89853446295067,0 78.56376569629379,16.89753593488508,0 78.5647097958272,16.89716336774652,0 78.56523541080078,16.89695853116398,0 78.56652787591156,16.89599790192543,0 78.5675745577083,16.89527348651827,0 78.56796445485215,16.89496602224451,0 78.5701085680135,16.89330357411664,0 78.57139858578446,16.89230316580224,0 
							</coordinates>
						</LineString>
					</Placemark>
					<Placemark>
						<name>Srisaiam highway - Mootuja Pally - Greenfield road</name>
						<styleUrl>#msn_ylw-pushpin13</styleUrl>
						<LineString>
							<tessellate>1</tessellate>
							<coordinates>
								78.5294382310277,16.87297673095139,0 78.53416204669422,16.8726966503366,0 78.53506969921848,16.87237347525918,0 78.53567691121208,16.87207658061435,0 78.53947474070515,16.87178304724937,0 78.5442883055798,16.87039335808307,0 78.54704656860666,16.86934552853859,0 78.54814240977508,16.86920914479535,0 78.54900171640814,16.86854049325151,0 78.55185275352324,16.86746606378625,0 78.55369635310295,16.86811410175096,0 78.55455142173162,16.86781139158241,0 78.55513634831891,16.867129858802,0 78.55618832780108,16.86671087786234,0 78.55736358753751,16.86631296850717,0 78.55781396376143,16.86629953957909,0 78.55813339186771,16.86634317408971,0 78.55835089757154,16.86630817397874,0 78.5587308747549,16.86655886518782,0 78.55904552590016,16.86657354988671,0 78.55936166537589,16.86649207250209,0 78.55981803995196,16.86631951226068,0 78.5600634233558,16.86615027903635,0 78.56034542872534,16.86578334537829,0 78.5607766058756,16.86541453170174,0 78.56088351445757,16.86528459174867,0 78.56095132058623,16.86502503792025,0 78.5610360155563,16.86470994655201,0 78.56110497325764,16.86453794864178,0 78.5617243470835,16.86386764534239,0 78.56238658265619,16.86305526671816,0 78.56328462917998,16.86225002341271,0 78.56398409558957,16.86174072046185,0 78.56444429715748,16.86142645722726,0 78.56458290789855,16.86126111621567,0 78.56465852545612,16.86103935383372,0 78.56483081208962,16.86079654368667,0 78.56521148815771,16.86033239148675,0 78.56563828016367,16.86006382648095,0 78.56600603181768,16.8597662758933,0 78.56711821819296,16.85905655157343,0 78.56716284423948,16.85894504589474,0 78.56713915881008,16.85875816636045,0 78.56712332809666,16.85852388506753,0 78.56714801124532,16.85834349218168,0 78.56723922143973,16.85814732656114,0 78.56739544006753,16.85783546350139,0 78.5678126656659,16.85747477778649,0 78.56823669836957,16.85722039769941,0 78.568793908402,16.85687782972482,0 78.56932103956049,16.85653126090127,0 78.56938344776873,16.85649318662874,0 78.56949600578412,16.85643273482329,0 78.56956404179914,16.85645423735146,0 78.56965177483491,16.85647316597525,0 78.57228382890573,16.85796680348576,0 78.57407335881501,16.85891842940211,0 78.5742692348425,16.85907801741639,0 78.57511824282921,16.85988794437844,0 78.57574905434764,16.86053271905125,0 78.57647459010401,16.86108196535148,0 
							</coordinates>
						</LineString>
					</Placemark>
					<Placemark>
						<name>Srisailam - Amangal - Greenfield road</name>
						<styleUrl>#msn_ylw-pushpin15</styleUrl>
						<LineString>
							<tessellate>1</tessellate>
							<coordinates>
								78.53042002375668,16.84948238006279,0 78.53119099052016,16.8496906860703,0 78.53136299347395,16.84962620580775,0 78.53157921776393,16.8495285389967,0 78.53179150217071,16.84944527214293,0 78.53200536709264,16.84939774111176,0 78.53249051267973,16.84929752281715,0 78.53257154423203,16.84926260912586,0 78.53285565326203,16.84912048022414,0 78.53371596282361,16.84907910314457,0 78.5340075980417,16.84912469818683,0 78.53413676372217,16.84915579312439,0 78.53429990934194,16.84912119107033,0 78.53464841395953,16.84945191848301,0 78.53473525614763,16.84950870763516,0 78.53487331820884,16.84952479850413,0 78.53506401615499,16.84954924726915,0 78.53525746350284,16.84962273907422,0 78.53534539130524,16.84978526488946,0 78.53539562660788,16.84986743061999,0 78.53545146187507,16.84993763773567,0 78.53600515578012,16.85001147778227,0 78.53620060550638,16.85005763872168,0 78.53630896109607,16.85005778277687,0 78.53643488116306,16.85003995983954,0 78.53703957361773,16.84981834712832,0 78.53756602964945,16.84955569355103,0 78.53848645307004,16.84925649124817,0 78.53968712118586,16.84877831109971,0 78.54116008694689,16.84804130738575,0 78.54263468257597,16.84756716534161,0 78.5434127401487,16.84725504417882,0 78.54398191382757,16.84705919013505,0 78.5451944960501,16.84701611072686,0 78.54558665736084,16.84703514373484,0 78.54599197282066,16.84711548631485,0 78.54629588296973,16.84717128608691,0 78.54734233621159,16.84727597441053,0 78.54844308382084,16.84755322587589,0 78.54918351985374,16.84777906890156,0 78.54966447715813,16.84780760572114,0 78.55004033398376,16.84786309580216,0 78.5502925777087,16.8479819479494,0 78.55045361774876,16.84820015524586,0 78.55063924200248,16.84842142908634,0 78.55090978996164,16.84854634052468,0 78.55114792078965,16.84853624399475,0 78.55131240985042,16.8485638299195,0 78.5515409058718,16.84866421046942,0 78.55175920684373,16.84878821898353,0 78.55197591410203,16.84885023673631,0 78.55224822893808,16.84879027469832,0 78.55284766889505,16.84862897305311,0 78.55349041882528,16.84844880345482,0 78.55444320116631,16.8481185391151,0 78.55472237026061,16.84807801761255,0 78.55493876026924,16.84809399419871,0 78.55517754238242,16.84798919310589,0 78.55536141573346,16.84794575678972,0 78.55567621084843,16.84793347297354,0 78.55605807871927,16.84788552179591,0 78.55634213857788,16.84788853200178,0 78.55661831728661,16.84798041391261,0 78.55674602189472,16.84809422081624,0 78.55684153660225,16.84819579410839,0 78.55691110659833,16.84835194464313,0 78.55699350168143,16.8487577414846,0 78.55708989493877,16.84923716851413,0 78.55716482496092,16.84940342912349,0 78.55724939834131,16.84946136424396,0 78.557374370715,16.849525779398,0 78.55779157282772,16.84959692958864,0 78.55794402311658,16.84964387055172,0 78.55831959099469,16.84982682808289,0 78.55847444700514,16.8498783381579,0 78.55863995610974,16.84992899888206,0 78.55886907274599,16.85000105195465,0 78.55916935696413,16.85012147428004,0 78.55940093635013,16.85024551422163,0 78.55968266453786,16.85046491559419,0 78.55996679938001,16.85068216103554,0 78.56052638478779,16.85097543959377,0 78.56110546065356,16.85122657530554,0 78.56149636296114,16.85136918084745,0 78.56163052357407,16.85146887928507,0 78.56200159508595,16.8518404128445,0 78.56200438044728,16.85184043589787,0 78.56217879707386,16.85208361201591,0 78.56250922175333,16.85251131182191,0 78.56281286613589,16.85304511779144,0 78.56313935639471,16.85365652498865,0 78.56330588416657,16.85381698259987,0 78.56390649090312,16.85426160142226,0 78.56425695606831,16.85451944914107,0 78.56444629853966,16.85464236252308,0 78.5651095401184,16.85492123897318,0 78.56612914968095,16.85528434842067,0 78.56740935124,16.85573102599568,0 78.56933969155736,16.85637953301825,0 78.56955065202339,16.85645021565844,0 78.57130360714098,16.85740874567003,0 78.57314819901936,16.85840762194646,0 78.57404939304062,16.85892276873577,0 78.57435850973397,16.85913287641102,0 78.57476979170451,16.85952281275395,0 78.57512408172437,16.85990787567245,0 78.57565691813532,16.86047726157241,0 78.57594988525346,16.86074665528192,0 
							</coordinates>
						</LineString>
					</Placemark>
					<Placemark>
						<name>Srisailam Highway - Govindaipalli - Greenfield Road</name>
						<styleUrl>#msn_ylw-pushpin31</styleUrl>
						<LineString>
							<tessellate>1</tessellate>
							<coordinates>
								78.52294942387265,16.95036306408787,0 78.52314333973852,16.95034098627566,0 78.52338298768188,16.95025264676036,0 78.52377516497393,16.95006601242318,0 78.52432500971926,16.94985536475277,0 78.52454173701123,16.94976592741488,0 78.5248287532053,16.9497035706117,0 78.52504765106126,16.94966905041275,0 78.52531491542562,16.94954982950848,0 78.52582682024304,16.94932466512194,0 78.52608523743953,16.94921045635848,0 78.52648759290076,16.94908706814025,0 78.52689999884356,16.9489255423692,0 78.52706915910302,16.94883525087594,0 78.52733412587519,16.94878860784144,0 78.52746616093461,16.94878253920301,0 78.5279608348725,16.94845285272339,0 78.52829677193202,16.94815196376186,0 78.52838476915338,16.94803802773514,0 78.52887978039939,16.9476165299047,0 78.52907389001776,16.94750587583057,0 78.52971398064599,16.94699762002227,0 78.53053844812837,16.94637201555665,0 78.53122277296561,16.94585045422068,0 78.53190954379833,16.94511980672686,0 78.53250555262635,16.94469976808914,0 78.53283262679967,16.94448029632498,0 78.53359265310213,16.94373439470808,0 78.53431824622841,16.94318110302757,0 78.53475319140917,16.94294597201047,0 78.53529504096565,16.94274870162624,0 78.53589953932176,16.94239111533312,0 78.53704472889842,16.94184499871284,0 78.53809096497667,16.94116361292057,0 78.53930196311629,16.94046555468258,0 78.54054089106202,16.94000329380428,0 78.54170706373598,16.93941234475953,0 78.54271657142323,16.93906075141799,0 78.54316751562931,16.93889951263893,0 78.54349260779497,16.93885409411289,0 78.54390416195464,16.93889579044348,0 78.54441609686479,16.93903068343931,0 78.54469267066951,16.93903796885826,0 78.54501316618666,16.93898268945885,0 78.54521731235643,16.93893796797403,0 78.54561244086672,16.93878008903483,0 78.54637629154668,16.93854183147009,0 78.54657855869786,16.93839655613456,0 78.54717607552109,16.93823775434531,0 78.5480072053798,16.93794798272426,0 78.5488064108561,16.93775548558023,0 78.55078432752543,16.93701521295116,0 78.55207751624556,16.93635474176318,0 78.55226592744253,16.93607976018563,0 78.55271823560166,16.93570400192585,0 78.55347535331379,16.93521451040166,0 78.55389244116576,16.93498819947407,0 78.5541212790031,16.9348573178643,0 78.55536289601288,16.93426109041276,0 78.55592650905979,16.93407908463348,0 78.55642982188051,16.93397314332443,0 78.55724281224296,16.93375171145846,0 78.55782409269958,16.93355923346174,0 78.55827133471911,16.93331937233835,0 78.55833430542521,16.93317880154824,0 78.55835275811319,16.93299343865298,0 78.55835111037433,16.93271886953766,0 78.55830224823764,16.93228710504021,0 78.55824830423803,16.93170307794065,0 78.55825321904862,16.9316283188261,0 78.5582555666839,16.93158325147767,0 78.55829047426974,16.93154836724238,0 78.55834290666706,16.93151326321899,0 78.5583709876675,16.9315025234404,0 78.55863849882813,16.93143928497275,0 78.55927546542142,16.93132654682373,0 78.56047336775369,16.93110671603008,0 78.56078127602727,16.93105390465616,0 78.56085889226976,16.93102606898883,0 78.56091608566244,16.93096529489126,0 78.56113167606229,16.93065870909027,0 78.56120570318828,16.93059278847073,0 78.56134590673054,16.93055651207873,0 78.5615114606473,16.93049138649089,0 78.56184872543193,16.93030750201108,0 78.56234551576068,16.92991286073785,0 78.56311157497423,16.9292605393458,0 78.56346560826039,16.92896375367852,0 78.56370890055328,16.92880832041626,0 78.56394821409911,16.92847643378764,0 78.564145986074,16.92825555963634,0 78.56431835496687,16.92812308040401,0 78.56443291003396,16.92801218934804,0 78.56466430666795,16.927797681755,0 78.56494570524771,16.92766024395056,0 78.56505225524425,16.92759354066638,0 78.56516609536396,16.92762334854224,0 78.56549610653828,16.92754820198363,0 78.56587258876959,16.92744500561682,0 78.56612050916584,16.92738073894805,0 
							</coordinates>
						</LineString>
					</Placemark>
					<Placemark>
						<name>Srisailam Highway - Shadnagar - Avatar - 1</name>
						<styleUrl>#msn_ylw-pushpin30</styleUrl>
						<LineString>
							<tessellate>1</tessellate>
							<coordinates>
								78.49584996264255,16.94998988871416,0 78.49526492338045,16.95002922886081,0 78.49446998828971,16.95028905580747,0 78.49444634683219,16.95039482726268,0 78.49453614856957,16.95078376057394,0 78.49455740217564,16.95111144708956,0 78.49417214056592,16.95111504951278,0 78.49310751010617,16.95121436484128,0 78.49316705517165,16.95184264342145,0 78.49320795898704,16.95242187700077,0 78.49320538048691,16.95264589053655,0 78.49321774662938,16.95274174971696,0 78.49330808696944,16.95489225535426,0 78.49334236439179,16.95534890861973,0 78.49332155462422,16.95540781598435,0 78.49277220328382,16.95650753589329,0 78.49273993985133,16.95657975744492,0 78.49270774564459,16.9566738423972,0 78.49269296066424,16.95676894399268,0 78.492728430871,16.95682063890724,0 78.4927891501309,16.95689861535978,0 78.49288338639596,16.95703490867457,0 78.49294973196648,16.95714643669152,0 78.49298132434451,16.95722386730158,0 78.49299566614749,16.95732513233526,0 78.49302304033571,16.95750247317285,0 78.49308148408218,16.95790018251675,0 78.49308204162915,16.9580159716974,0 78.4930143769667,16.9584622380567,0 78.49281481804714,16.9590995035227,0 78.49250929683433,16.95992040455498,0 78.49216244596771,16.96061091565546,0 78.49195424678237,16.96102957120954,0 78.49132915208054,16.96233955357902,0 78.49118458441092,16.96257781327773,0 78.49120150767665,16.96261574261577,0 78.49130221768824,16.96271235248218,0 78.49145933024404,16.96286130699665,0 78.4915757922343,16.96307378279984,0 78.49199569294771,16.96410565439334,0 78.49199827116125,16.9641124265378,0 78.49213964091696,16.96445406990711,0 78.49266484934917,16.96588126189192,0 78.49276010632475,16.96615328489693,0 78.49292605117773,16.96652460052424,0 78.49316858766001,16.96687924628548,0 78.49335371814892,16.96731349763514,0 78.49346432748334,16.96762986546035,0 78.49366022875525,16.96802852261285,0 78.49378849497529,16.96824370304689,0 78.49416791626928,16.96870564777382,0 78.49454077556103,16.9691446056258,0 78.49494704684263,16.9694979340359,0 78.49524820130964,16.96987218374892,0 78.49546746036269,16.97014261244135,0 78.49579215578902,16.97042174277883,0 78.49615419886644,16.97072993436584,0 78.49650003511223,16.97099556146062,0 78.49670828238246,16.97120984136005,0 78.49690966772019,16.97153690435278,0 78.49706333127331,16.97184821334045,0 78.49717796773467,16.9721544715854,0 78.49765843981078,16.97364577060103,0 78.4977792175992,16.97514172106064,0 78.49777755005093,16.97530708434937,0 78.49891639070974,16.97575177987592,0 78.50435221416888,16.97786672706338,0 
							</coordinates>
						</LineString>
					</Placemark>
					<Placemark>
						<name>Maisigandi temple - Avatar - 1</name>
						<styleUrl>#msn_ylw-pushpin31</styleUrl>
						<LineString>
							<tessellate>1</tessellate>
							<coordinates>
								78.51754111102504,16.95414008731531,0 78.51739461506419,16.95407234618631,0 78.51719803930581,16.95408437472276,0 78.51699653479272,16.95376761981926,0 78.51689475880988,16.95367205542408,0 78.5165496561528,16.95369557217657,0 78.51619658145779,16.95366565057482,0 78.51568502578806,16.95360580598813,0 78.51517855038628,16.95361585643752,0 78.51463116554882,16.95348483912625,0 78.51418296003315,16.95334869126,0 78.51341816961228,16.95326228244229,0 78.51287276351226,16.95331323174291,0 78.51265660603364,16.95332063043815,0 78.51209395640721,16.95319689298139,0 78.51166101262542,16.95312683635997,0 78.51144209986418,16.95315356046088,0 78.51103394632582,16.95322338563889,0 78.51040680543592,16.95344267628465,0 78.51013788981201,16.95351145406286,0 78.5096982057664,16.95352570876601,0 78.50922399651147,16.95348961842049,0 78.50894315732619,16.9534968403384,0 78.50849040100542,16.95351761639041,0 78.50819836442682,16.95362650187826,0 78.5076608214066,16.95369556029804,0 78.50704264860225,16.95395296926076,0 78.50462228177888,16.95522163622213,0 78.50389176315889,16.95562537849244,0 78.50287191632741,16.95592511024864,0 78.50219742566595,16.95623315851949,0 78.50171832263929,16.95641106750433,0 78.50123868924595,16.9565560505771,0 78.50070515539383,16.95664772705144,0 78.50048863099958,16.95674200948255,0 78.49931040612563,16.95743596942921,0 78.49909004574012,16.95749440894265,0 78.49811355761524,16.95747738988168,0 78.49773417882963,16.95747409649692,0 78.49740200654166,16.95755459487885,0 78.49709857915802,16.95752158372535,0 78.4965850485834,16.95744990931842,0 78.4955641222295,16.95755528410892,0 78.4951861180958,16.9576069840522,0 78.49504461054364,16.95766201088505,0 78.49424334501883,16.95805947143938,0 78.49361391092786,16.95837614752723,0 78.49319600493304,16.9585107621468,0 78.49307302560329,16.9585248489591,0 78.4929998541829,16.95851022068008,0 78.49304069377318,16.95831830879717,0 78.49308657407225,16.95800597124938,0 78.49306183948207,16.9577757384382,0 78.49299126646623,16.95733593516915,0 78.49298576378746,16.95721020612987,0 78.49283932180367,16.95698411747348,0 78.49269642194697,16.95676712323939,0 78.49273432285054,16.95661105452616,0 78.49334942599046,16.9553516441419,0 78.49333640537054,16.95514868824632,0 78.49330548892543,16.95464270153796,0 78.49328973399471,16.95410950281279,0 78.49327934016189,16.95376331254664,0 78.49325537299295,16.95321605306692,0 78.49323678825571,16.95276868681788,0 78.49316491239102,16.95208794963123,0 78.49312167128325,16.95146931184542,0 78.49311282562266,16.95126687404079,0 78.4931051661618,16.95121126985475,0 78.49349851270195,16.95116652272586,0 78.49416002714194,16.95112582348948,0 78.49443891743763,16.951114909157,0 78.49455795982641,16.95110466010061,0 78.49459421235217,16.95107386284771,0 78.49450546918831,16.95050893698758,0 78.49446468515558,16.95037417339036,0 78.49446737008826,16.95028009477154,0 78.49493487023123,16.95014477714625,0 78.49524257144068,16.95006239976644,0 78.4958332773527,16.95002466049498,0 78.49590202583072,16.94998520334037,0 
							</coordinates>
						</LineString>
					</Placemark>
					<Placemark>
						<name>Srisailam Highway - Rachloor gate - Greenfield Road</name>
						<styleUrl>#msn_ylw-pushpin31</styleUrl>
						<LineString>
							<tessellate>1</tessellate>
							<coordinates>
								78.47712225062754,17.12458482619191,0 78.47727227917622,17.12455480259831,0 78.47885845757978,17.1243071616106,0 78.47961316179764,17.12418266056168,0 78.48032684206433,17.12406971574607,0 78.48152474155219,17.12387526116184,0 78.48237276313786,17.12373703542694,0 78.4833668005092,17.12359077968695,0 78.48476960005802,17.12336380554338,0 78.48565082662994,17.12318964510904,0 78.48676118761887,17.12296666624838,0 78.4883166473476,17.12264800698053,0 78.49014432120826,17.12227745756688,0 78.49131888494533,17.12207439575968,0 78.49273134919598,17.1218506205954,0 78.49314973857014,17.12178465393317,0 78.49326834603333,17.12175355923721,0 78.49519798994085,17.12114721831355,0 78.49702087921554,17.12054381637933,0 78.49880473612065,17.12010908858118,0 78.50021099579845,17.11975652570053,0 78.50217842317001,17.11911995441944,0 78.50268174127069,17.1189359473897,0 78.50467628113664,17.11860404943144,0 78.505039138782,17.11853239395008,0 78.50525829681536,17.11849368433509,0 78.50860747305484,17.11787999377224,0 78.51110058041262,17.11742446425994,0 78.51278188942382,17.11750186838657,0 78.51466024240868,17.11758621743701,0 78.51688787125269,17.1175571377327,0 78.51922373083282,17.11756670660631,0 78.52327276931194,17.11757911960781,0 78.52385259934188,17.11762055337048,0 78.52660399142223,17.1173686068126,0 78.52858915853149,17.11696883694992,0 78.53078283262103,17.11667475098255,0 78.53114082081463,17.1166026356119,0 78.53254008776592,17.11624944950961,0 78.53371358881216,17.11579687800407,0 78.53447648576336,17.11559486355494,0 78.5348874554854,17.11542145035274,0 78.53539399837891,17.11507009995302,0 78.53583948789579,17.11484672666085,0 78.53618546212253,17.11487703741034,0 78.53639716937147,17.11484024105559,0 78.53660003657951,17.11486691956087,0 78.53684283303261,17.11482640240633,0 78.53742821996387,17.11480016002442,0 78.53767981878526,17.11481109468004,0 78.5378959269606,17.11496661171446,0 78.53804418807282,17.11503845053231,0 78.53821919672832,17.11509701045773,0 78.53846940617976,17.11523579696623,0 78.53869309581219,17.1153815960883,0 78.53885833675395,17.11538036485796,0 78.53920240648695,17.1152806997266,0 78.53949555959706,17.11513866366846,0 
							</coordinates>
						</LineString>
					</Placemark>
					<Placemark>
						<name>Srisailam Highway - Amogh</name>
						<styleUrl>#msn_ylw-pushpin31</styleUrl>
						<LineString>
							<tessellate>1</tessellate>
							<coordinates>
								78.46954169222951,17.13155261663769,0 78.46956319841934,17.13148207944931,0 78.47014897592614,17.13156311914249,0 78.47099315160088,17.13166461793794,0 78.47156756963892,17.13176611994737,0 78.47283363021465,17.13194202243211,0 78.47411798974332,17.13213191425004,0 78.47487585475108,17.13223414772746,0 78.47557534824716,17.13233306516771,0 78.4762708209376,17.13244402859941,0 78.47698559254924,17.13245220514125,0 78.47757747772452,17.13247755836609,0 78.47782683663544,17.13249086174249,0 
							</coordinates>
						</LineString>
					</Placemark>
					<Placemark>
						<name>ORR Exit - 14 - Kingsdell</name>
						<styleUrl>#msn_ylw-pushpin31</styleUrl>
						<LineString>
							<tessellate>1</tessellate>
							<coordinates>
								78.47513745304467,17.20448898768966,0 78.47025752611435,17.2048059466801,0 78.46754151131735,17.20483873458873,0 78.46701547854661,17.20480254228725,0 78.46570789882986,17.20482013979327,0 78.46487166728771,17.20481237404839,0 78.46471422865572,17.20498103469191,0 78.46127467920215,17.2083188422971,0 78.45956810463636,17.21015190655849,0 78.45768792756316,17.21266261175199,0 78.4574231015215,17.21317525635737,0 78.45733172339773,17.21339380039318,0 78.45751246232766,17.21365439448147,0 78.45774636174656,17.21423917534446,0 78.45773730992104,17.21499153518908,0 78.45738313680884,17.21512408021855,0 78.45511293571217,17.21536300274237,0 78.45337649022315,17.2159341870059,0 78.45295870557334,17.21627785894064,0 78.45279225329629,17.21692725855271,0 78.45219120388121,17.21925679831256,0 
							</coordinates>
						</LineString>
					</Placemark>
					<Placemark>
						<name>from Ekvaipalli</name>
						<styleUrl>#msn_ylw-pushpin7</styleUrl>
						<LineString>
							<tessellate>1</tessellate>
							<coordinates>
								78.56445959575426,16.92432613163306,0 78.56480203096912,16.92352794367039,0 78.5652419725801,16.92281607360381,0 78.56532572943907,16.92244635651678,0 78.56523201665638,16.92188468215338,0 78.56502470626526,16.92117311687427,0 78.56499114678994,16.92091030919809,0 78.56492627595586,16.92024965624842,0 78.56482429265665,16.91993102795194,0 78.56485978068201,16.91954018980179,0 78.56488641314137,16.91933427415872,0 78.56484160784885,16.91898225339365,0 78.56478594215693,16.9185978583147,0 78.56464848604686,16.91821427850357,0 78.56442720207026,16.91783742339949,0 78.56420423717913,16.91754698537087,0 78.56404770223361,16.91728660153278,0 78.5639094378439,16.91706188703144,0 78.56381458073012,16.91689442001775,0 78.56377031493579,16.91679939431251,0 78.56372694063161,16.91669941809089,0 78.56367984465774,16.91659239008021,0 78.56365033242307,16.91651402929541,0 78.56361459198568,16.91636960638806,0 78.56357496709407,16.9162389309857,0 78.56354369351367,16.91612841707089,0 
							</coordinates>
						</LineString>
					</Placemark>
					<Placemark>
						<name>Srisailam Highyway to Green Field Road via Avatar - 2</name>
						<styleUrl>#msn_ylw-pushpin7</styleUrl>
						<LineString>
							<tessellate>1</tessellate>
							<coordinates>
								78.52739392954435,16.92422243532767,0 78.53000848124684,16.92390233136206,0 78.53154204080393,16.92333213556261,0 78.53288546387832,16.92324003359146,0 78.53564315239653,16.92458374504733,0 78.53636852204558,16.92491497480766,0 78.53735327059881,16.92506888605729,0 78.53787916930148,16.92504810991927,0 78.53875297050629,16.92489483216971,0 78.54056878651635,16.92439409991727,0 78.5411038243432,16.9243084053704,0 78.5420710068562,16.92400014637127,0 78.54326037843587,16.9236447847574,0 78.54422547279148,16.92345249643309,0 78.5447548117148,16.92322128399888,0 78.54662524685148,16.92262177483589,0 78.54748100132075,16.922366786643,0 78.54865408837945,16.92227571773753,0 78.54944167558094,16.92231432581042,0 78.55110164257525,16.92244689518252,0 78.55271755333226,16.92271371958776,0 78.55373772554292,16.92299681409547,0 78.55511522377256,16.92314351674105,0 78.55648525729838,16.92330953743991,0 78.55765258237247,16.92343568552911,0 78.55817873314905,16.92367522784726,0 78.55923893664124,16.92371556114795,0 78.5598798359572,16.92379482292693,0 78.56036880533435,16.92401611439702,0 78.56077660499999,16.92446617002774,0 78.5611462113533,16.92477201572324,0 78.56154628149748,16.92493452754411,0 78.56173809766877,16.9249613535976,0 78.56190138605135,16.92489274429486,0 78.56208951002534,16.92481506630327,0 78.56232895699573,16.92470544128162,0 78.56256517063008,16.92457628254412,0 78.56288160643304,16.92449167642826,0 78.56327641441399,16.92446317997968,0 78.56363175936478,16.92445801259057,0 78.56398457075927,16.92444798925264,0 78.56441915353628,16.92441384905096,0 78.56456546628887,16.92441483347834,0 78.56474881565575,16.92471740516676,0 78.56489237828511,16.92512215291332,0 78.56493386817581,16.92546934184989,0 78.56498320402875,16.92584469206744,0 78.56505964680596,16.92618059711923,0 78.56517407615766,16.92640905736982,0 78.56513912536641,16.92665809032232,0 78.56503642684527,16.92693686238439,0 78.56496628048031,16.92716536879817,0 78.56493787223927,16.92739527016173,0 78.56500081772445,16.92754612791271,0 78.56511319356284,16.92760839455646,0 78.56521617195523,16.92762795605785,0 78.56535516544666,16.9275923884063,0 78.56558568140932,16.92753938007872,0 78.56584405200167,16.92745081091633,0 78.56606515100093,16.92740117828656,0 78.56651785614376,16.92720573400951,0 78.56682282723678,16.92695605111233,0 78.56708318968373,16.92672255297837,0 
							</coordinates>
						</LineString>
					</Placemark>
				</Folder>
			</Folder>
			<Folder id="5A59A433E1000008">
				<name>Our Company Projects</name>
				<open>1</open>
				<styleUrl>#__managed_style_00F5A6CFC93DDD5CDF290</styleUrl>
				<Placemark id="5A59A433E1000009">
					<name>ASPIREALTY KINGSDELL</name>
					<LookAt>
						<longitude>78.4521725</longitude>
						<latitude>17.2193057</latitude>
						<altitude>0</altitude>
						<heading>0</heading>
						<tilt>0</tilt>
						<gx:fovy>35</gx:fovy>
						<range>1003.76400499107</range>
						<altitudeMode>relativeToGround</altitudeMode>
					</LookAt>
					<styleUrl>#__managed_style_096FAB50E73DDD5CDF30</styleUrl>
					<Point>
						<altitudeMode>relativeToGround</altitudeMode>
						<coordinates>78.4521725,17.2193057,0</coordinates>
					</Point>
				</Placemark>
				<Placemark id="5A59A433E100000A">
					<name>Shri hara Encalve</name>
					<LookAt>
						<longitude>78.4750962</longitude>
						<latitude>17.19048279999999</latitude>
						<altitude>0</altitude>
						<heading>0</heading>
						<tilt>0</tilt>
						<gx:fovy>35</gx:fovy>
						<range>1003.938377073229</range>
						<altitudeMode>relativeToGround</altitudeMode>
					</LookAt>
					<styleUrl>#msn_ylw-pushpin210</styleUrl>
					<Point>
						<altitudeMode>relativeToGround</altitudeMode>
						<coordinates>78.4750962,17.1904828,0</coordinates>
					</Point>
				</Placemark>
				<Placemark id="5A59A433E100000B">
					<name>Kingsmarque</name>
					<LookAt>
						<longitude>78.4778792</longitude>
						<latitude>17.1911127</latitude>
						<altitude>0</altitude>
						<heading>0</heading>
						<tilt>0</tilt>
						<gx:fovy>35</gx:fovy>
						<range>1003.934569287497</range>
						<altitudeMode>relativeToGround</altitudeMode>
					</LookAt>
					<styleUrl>#msn_ylw-pushpin320</styleUrl>
					<Point>
						<altitudeMode>relativeToGround</altitudeMode>
						<coordinates>78.47787919999999,17.1911127,0</coordinates>
					</Point>
				</Placemark>
				<Placemark id="5A59A433E100000C">
					<name>Amogh</name>
					<LookAt>
						<longitude>78.4696062</longitude>
						<latitude>17.131549</latitude>
						<altitude>0</altitude>
						<heading>0</heading>
						<tilt>0</tilt>
						<gx:fovy>35</gx:fovy>
						<range>1004.294048825466</range>
						<altitudeMode>relativeToGround</altitudeMode>
					</LookAt>
					<styleUrl>#msn_ylw-pushpin100</styleUrl>
					<Point>
						<altitudeMode>relativeToGround</altitudeMode>
						<coordinates>78.4696062,17.131549,0</coordinates>
					</Point>
				</Placemark>
				<Placemark id="5A59A433E100000D">
					<name>Advaith</name>
					<LookAt>
						<longitude>78.53657729999999</longitude>
						<latitude>17.1372492</latitude>
						<altitude>0</altitude>
						<heading>0</heading>
						<tilt>0</tilt>
						<gx:fovy>35</gx:fovy>
						<range>1004.2596982478</range>
						<altitudeMode>relativeToGround</altitudeMode>
					</LookAt>
					<styleUrl>#__managed_style_01807E03703DDD5CDF31</styleUrl>
					<Point>
						<altitudeMode>relativeToGround</altitudeMode>
						<coordinates>78.53657729999999,17.1372492,0</coordinates>
					</Point>
				</Placemark>
				<GroundOverlay>
					<name>Advait Phase 1 &amp; 2 Layout</name>
					<visibility>0</visibility>
					<Icon>
						<href>files/Advaith Layout transparent.png</href>
						<viewBoundScale>0.75</viewBoundScale>
					</Icon>
					<LatLonBox>
						<north>17.13808029066902</north>
						<south>17.13487085462451</south>
						<east>78.5392280372168</east>
						<west>78.53341583929421</west>
						<rotation>60.46205520629883</rotation>
					</LatLonBox>
				</GroundOverlay>
				<Placemark id="5A59A433E100000F">
					<name>Avatar - 1</name>
					<LookAt>
						<longitude>78.4960974</longitude>
						<latitude>16.9498389</latitude>
						<altitude>0</altitude>
						<heading>0</heading>
						<tilt>0</tilt>
						<gx:fovy>35</gx:fovy>
						<range>1005.383373303545</range>
						<altitudeMode>relativeToGround</altitudeMode>
					</LookAt>
					<styleUrl>#msn_ylw-pushpin100</styleUrl>
					<Point>
						<altitudeMode>relativeToGround</altitudeMode>
						<coordinates>78.4960974,16.9498389,0</coordinates>
					</Point>
				</Placemark>
				<GroundOverlay>
					<name>Avatar - 1 Layout</name>
					<Icon>
						<href>files/Aspirealty Avatar Digital Layout transparent.png</href>
						<viewBoundScale>0.75</viewBoundScale>
					</Icon>
					<LatLonBox>
						<north>16.95033547605747</north>
						<south>16.94738699628543</south>
						<east>78.50003295859813</east>
						<west>78.49505202432664</west>
						<rotation>-7.428640365600586</rotation>
					</LatLonBox>
				</GroundOverlay>
				<Placemark id="5A59A433E100000E">
					<name>Aspirealty Avatar 2</name>
					<LookAt>
						<longitude>78.53185711013617</longitude>
						<latitude>16.92370581281432</latitude>
						<altitude>601.2642554381918</altitude>
						<heading>0</heading>
						<tilt>0</tilt>
						<gx:fovy>35</gx:fovy>
						<range>692.845984388041</range>
						<altitudeMode>absolute</altitudeMode>
					</LookAt>
					<styleUrl>#msn_ylw-pushpin101</styleUrl>
					<Point>
						<coordinates>78.53253951629961,16.92332662849059,605.7853628453829</coordinates>
					</Point>
				</Placemark>
				<GroundOverlay>
					<name>Avatar -2 Layout</name>
					<Icon>
						<href>files/Avatar-2-File.png-FOR-GOOGLE-2.png</href>
						<viewBoundScale>0.75</viewBoundScale>
					</Icon>
					<LatLonBox>
						<north>16.92657419415496</north>
						<south>16.92406852349622</south>
						<east>78.53450703900423</east>
						<west>78.52966865507526</west>
						<rotation>80.90169525146483</rotation>
					</LatLonBox>
				</GroundOverlay>
				<Placemark>
					<name>Avatar - 3</name>
					<LookAt>
						<longitude>78.54159654519178</longitude>
						<latitude>16.93001712441677</latitude>
						<altitude>0</altitude>
						<heading>-0.0003034581381392189</heading>
						<tilt>29.68798230074533</tilt>
						<range>1210.969209653567</range>
						<gx:altitudeMode>relativeToSeaFloor</gx:altitudeMode>
					</LookAt>
					<styleUrl>#msn_ylw-pushpin22</styleUrl>
					<Point>
						<gx:drawOrder>1</gx:drawOrder>
						<coordinates>78.5382903741924,16.93079518533284,0</coordinates>
					</Point>
				</Placemark>
				<GroundOverlay>
					<name>Avatar - 3 Layout</name>
					<visibility>0</visibility>
					<color>e3ffffff</color>
					<Icon>
						<href>files/Avatar - 3.png</href>
						<viewBoundScale>0.75</viewBoundScale>
					</Icon>
					<LatLonBox>
						<north>16.93261904598057</north>
						<south>16.9286540679584</south>
						<east>78.54245008232282</east>
						<west>78.53608526968537</west>
						<rotation>-5.515705585479736</rotation>
					</LatLonBox>
				</GroundOverlay>
				<GroundOverlay>
					<name>Manoj Malpani Layout</name>
					<visibility>0</visibility>
					<Icon>
						<href>files/Avatar - 3 .png</href>
						<viewBoundScale>0.75</viewBoundScale>
					</Icon>
					<LatLonBox>
						<north>16.93013054433045</north>
						<south>16.92820237380799</south>
						<east>78.54370085768343</east>
						<west>78.53993243862222</west>
						<rotation>-5.053651332855225</rotation>
					</LatLonBox>
				</GroundOverlay>
				<GroundOverlay>
					<name>Avatar 3 with Digital Layout</name>
					<Icon>
						<href>files/avatar_3_layout-removebg-preview.png</href>
						<viewBoundScale>0.75</viewBoundScale>
					</Icon>
					<LatLonBox>
						<north>16.93278924406986</north>
						<south>16.92994636655943</south>
						<east>78.54071346915164</east>
						<west>78.53553986198264</west>
						<rotation>-5.908096313476563</rotation>
					</LatLonBox>
				</GroundOverlay>
			</Folder>
		</Document>
		<Document>
			<name>Srisailam Highyway to Green Field Road via Avatar - 2.kmz</name>
			<StyleMap id="msn_ylw-pushpin70">
				<Pair>
					<key>normal</key>
					<styleUrl>#sn_ylw-pushpin140</styleUrl>
				</Pair>
				<Pair>
					<key>highlight</key>
					<styleUrl>#sh_ylw-pushpin61</styleUrl>
				</Pair>
			</StyleMap>
			<Style id="sh_ylw-pushpin61">
				<IconStyle>
					<scale>1.3</scale>
					<Icon>
						<href>http://maps.google.com/mapfiles/kml/pushpin/ylw-pushpin.png</href>
					</Icon>
					<hotSpot x="20" y="2" xunits="pixels" yunits="pixels"/>
				</IconStyle>
				<LineStyle>
					<color>ff000000</color>
					<width>10</width>
				</LineStyle>
			</Style>
			<Style id="sn_ylw-pushpin140">
				<IconStyle>
					<scale>1.1</scale>
					<Icon>
						<href>http://maps.google.com/mapfiles/kml/pushpin/ylw-pushpin.png</href>
					</Icon>
					<hotSpot x="20" y="2" xunits="pixels" yunits="pixels"/>
				</IconStyle>
				<LineStyle>
					<color>ff000000</color>
					<width>10</width>
				</LineStyle>
			</Style>
			<Placemark>
				<name>Srisailam Highyway to Green Field Road via Avatar - 2</name>
				<styleUrl>#msn_ylw-pushpin70</styleUrl>
				<LineString>
					<tessellate>1</tessellate>
					<coordinates>
						78.52739392954435,16.92422243532767,0 78.53000848124684,16.92390233136206,0 78.53154204080393,16.92333213556261,0 78.53288546387832,16.92324003359146,0 78.53564315239653,16.92458374504733,0 78.53636852204558,16.92491497480766,0 78.53735327059881,16.92506888605729,0 78.53787916930148,16.92504810991927,0 78.53875297050629,16.92489483216971,0 78.54056878651635,16.92439409991727,0 78.5411038243432,16.9243084053704,0 78.5420710068562,16.92400014637127,0 78.54326037843587,16.9236447847574,0 78.54422547279148,16.92345249643309,0 78.5447548117148,16.92322128399888,0 78.54662524685148,16.92262177483589,0 78.54748100132075,16.922366786643,0 78.54865408837945,16.92227571773753,0 78.54944167558094,16.92231432581042,0 78.55110164257525,16.92244689518252,0 78.55271755333226,16.92271371958776,0 78.55373772554292,16.92299681409547,0 78.55511522377256,16.92314351674105,0 78.55648525729838,16.92330953743991,0 78.55765258237247,16.92343568552911,0 78.55817873314905,16.92367522784726,0 78.55923893664124,16.92371556114795,0 78.5598798359572,16.92379482292693,0 78.56036880533435,16.92401611439702,0 78.56077660499999,16.92446617002774,0 78.5611462113533,16.92477201572324,0 78.56154628149748,16.92493452754411,0 78.56173809766877,16.9249613535976,0 78.56190138605135,16.92489274429486,0 78.56208951002534,16.92481506630327,0 78.56232895699573,16.92470544128162,0 78.56256517063008,16.92457628254412,0 78.56288160643304,16.92449167642826,0 78.56327641441399,16.92446317997968,0 78.56363175936478,16.92445801259057,0 78.56398457075927,16.92444798925264,0 78.56441915353628,16.92441384905096,0 78.56456546628887,16.92441483347834,0 78.56474881565575,16.92471740516676,0 78.56489237828511,16.92512215291332,0 78.56493386817581,16.92546934184989,0 78.56498320402875,16.92584469206744,0 78.56505964680596,16.92618059711923,0 78.56517407615766,16.92640905736982,0 78.56513912536641,16.92665809032232,0 78.56503642684527,16.92693686238439,0 78.56496628048031,16.92716536879817,0 78.56493787223927,16.92739527016173,0 78.56500081772445,16.92754612791271,0 78.56511319356284,16.92760839455646,0 78.56521617195523,16.92762795605785,0 78.56535516544666,16.9275923884063,0 78.56558568140932,16.92753938007872,0 78.56584405200167,16.92745081091633,0 78.56606515100093,16.92740117828656,0 78.56651785614376,16.92720573400951,0 78.56682282723678,16.92695605111233,0 78.56708318968373,16.92672255297837,0 
					</coordinates>
				</LineString>
			</Placemark>
		</Document>
		<atom:link rel="app" href="https://www.google.com/earth/about/versions/#earth-pro" title="Google Earth Pro 7.3.7.1155"></atom:link>
</Document>
</kml>
